species,site,count,latin,纲,目,Order,科,Family,属
阿拉伯光鳃鱼,美济礁,2,Chromis flavaxilla,辐鳍鱼纲,鲈形目,Perciformes,雀鲷科,Pomacentridae,光鳃鱼属
安汶雀鲷,美济礁,1,Pomacentrus amboinensis,辐鳍鱼纲,鲈形目,Perciformes,雀鲷科,Pomacentridae,雀鲷属
鞭蝴蝶鱼,美济礁,6,Chaetodon ephippium,辐鳍鱼纲,鲈形目,Perciformes,蝴蝶鱼科,Chaetodontidae,蝴蝶鱼属
鞍斑锦鱼,美济礁,35,Thalassoma hardwicki,辐鳍鱼纲,鲈形目,Perciformes,隆头鱼科,Labridae,锦鱼属
鞍斑锦鱼,永暑礁北沙洲,65,Thalassoma hardwicki,辐鳍鱼纲,鲈形目,Perciformes,隆头鱼科,Labridae,锦鱼属
暗色刺尾鱼,美济礁,3,Acanthurus mata,辐鳍鱼纲,鲈形目,Perciformes,刺尾鱼科,Acanthuridae,刺尾鱼属
暗色刺尾鱼,南扉暗沙,5,Acanthurus mata,辐鳍鱼纲,鲈形目,Perciformes,刺尾鱼科,Acanthuridae,刺尾鱼属
暗色刺尾鱼,七连屿,7,Acanthurus mata,辐鳍鱼纲,鲈形目,Perciformes,刺尾鱼科,Acanthuridae,刺尾鱼属
翱翔衰鲉,美济礁,1,Pterois volitans,辐鳍鱼纲,鲉形目,Scorpaeniformes,鲉科,Scorpaenidae,蓑鲉属
八带拟唇鱼,漫步暗沙,1,Pseudocheilinus octotaenia,辐鳍鱼纲,鲈形目,Perciformes,隆头鱼科,Labridae,拟唇鱼属
八带拟唇鱼,美济礁,135,Pseudocheilinus octotaenia,辐鳍鱼纲,鲈形目,Perciformes,隆头鱼科,Labridae,拟唇鱼属
八带拟唇鱼,南扉暗沙,11,Pseudocheilinus octotaenia,辐鳍鱼纲,鲈形目,Perciformes,隆头鱼科,Labridae,拟唇鱼属
八带拟唇鱼,七连屿,7,Pseudocheilinus octotaenia,辐鳍鱼纲,鲈形目,Perciformes,隆头鱼科,Labridae,拟唇鱼属
八带拟唇鱼,永暑礁北沙洲,23,Pseudocheilinus octotaenia,辐鳍鱼纲,鲈形目,Perciformes,隆头鱼科,Labridae,拟唇鱼属
巴都盔鱼,美济礁,5,Coris batuensis,辐鳍鱼纲,鲈形目,Perciformes,隆头鱼科,Labridae,盔鱼属
巴都盔鱼,永暑礁北沙洲,42,Coris batuensis,辐鳍鱼纲,鲈形目,Perciformes,隆头鱼科,Labridae,盔鱼属
巴氏异齿鳚,美济礁,1,Ecsenius bathi,辐鳍鱼纲,鲈形目,Perciformes,鳚科,Soleidae,异齿鳚属
白斑刺尻鱼,漫步暗沙,3,Centropyge tibicen,辐鳍鱼纲,鲈形目,Perciformes,刺盖鱼科,Pomacanthidae,刺尻鱼属
白斑刺尻鱼,南扉暗沙,2,Centropyge tibicen,辐鳍鱼纲,鲈形目,Perciformes,刺盖鱼科,Pomacanthidae,刺尻鱼属
白斑笛鲷,美济礁,6,Lutjanus bohar,辐鳍鱼纲,鲈形目,Perciformes,笛鲷科,Lutjanidae,笛鲷属
白背双锯鱼,美济礁,6,Amphiprion sandracinos,辐鳍鱼纲,鲈形目,Perciformes,雀鲷科,Pomacentridae,双锯鱼属
白背双锯鱼,七连屿,14,Amphiprion sandracinos,辐鳍鱼纲,鲈形目,Perciformes,雀鲷科,Pomacentridae,双锯鱼属
白背双锯鱼,永乐环礁,2,Amphiprion sandracinos,辐鳍鱼纲,鲈形目,Perciformes,雀鲷科,Pomacentridae,双锯鱼属
白边侧牙鲈,漫步暗沙,1,Variola albimarginata,辐鳍鱼纲,鲈形目,Perciformes,鮨科,Serranidae,侧牙鲈属
白边侧牙鲈,美济礁,1,Variola albimarginata,辐鳍鱼纲,鲈形目,Perciformes,鮨科,Serranidae,侧牙鲈属
白边锯鳞鱼,美济礁,15,Myripristis murdjan,辐鳍鱼纲,金眼鲷目,Beryciformes,鳂科,Holocentridae,锯鳞鱼属
白边锯鳞鱼,永暑礁北沙洲,6,Myripristis murdjan,辐鳍鱼纲,金眼鲷目,Beryciformes,鳂科,Holocentridae,锯鳞鱼属
白边纤齿鲈,美济礁,10,Gracila albomarginata,辐鳍鱼纲,鲈形目,Perciformes,鮨科,Serranidae,纤齿鲈属
白边纤齿鲈,七连屿,1,Gracila albomarginata,辐鳍鱼纲,鲈形目,Perciformes,鮨科,Serranidae,纤齿鲈属
白带椒雀鲷,永暑礁北沙洲,9,Plectroglyphidodon leucozonus,辐鳍鱼纲,鲈形目,Perciformes,雀鲷科,Pomacentridae,椒雀鲷属
白带马夫鱼,美济礁,10,Heniochus varius,辐鳍鱼纲,鲈形目,Perciformes,蝴蝶鱼科,Chaetodontidae,马夫鱼属
白带马夫鱼,永乐环礁,2,Heniochus varius,辐鳍鱼纲,鲈形目,Perciformes,蝴蝶鱼科,Chaetodontidae,马夫鱼属
白腹凹牙豆娘鱼,美济礁,33,Amblyglyphidodon leucogaster,辐鳍鱼纲,鲈形目,Perciformes,雀鲷科,Pomacentridae,凹牙豆娘鱼属
白条双锯鱼,美济礁,9,Amphiprion frenatus,辐鳍鱼纲,鲈形目,Perciformes,雀鲷科,Pomacentridae,双锯鱼属
白线光腭鲈,美济礁,1,Anyperodon leucogrammicus,辐鳍鱼纲,鲈形目,Perciformes,鮨科,Serranidae,光腭鲈属
斑带蝴蝶鱼,漫步暗沙,4,Chaetodon punctatofasciatus,辐鳍鱼纲,鲈形目,Perciformes,蝴蝶鱼科,Chaetodontidae,蝴蝶鱼属
斑带蝴蝶鱼,美济礁,1,Chaetodon punctatofasciatus,辐鳍鱼纲,鲈形目,Perciformes,蝴蝶鱼科,Chaetodontidae,蝴蝶鱼属
斑带蝴蝶鱼,南扉暗沙,19,Chaetodon punctatofasciatus,辐鳍鱼纲,鲈形目,Perciformes,蝴蝶鱼科,Chaetodontidae,蝴蝶鱼属
斑带蝴蝶鱼,七连屿,9,Chaetodon punctatofasciatus,辐鳍鱼纲,鲈形目,Perciformes,蝴蝶鱼科,Chaetodontidae,蝴蝶鱼属
斑带蝴蝶鱼,永乐环礁,11,Chaetodon punctatofasciatus,辐鳍鱼纲,鲈形目,Perciformes,蝴蝶鱼科,Chaetodontidae,蝴蝶鱼属
斑点海猪鱼,七连屿,11,Halichoeres margaritaceus,辐鳍鱼纲,鲈形目,Perciformes,隆头鱼科,Labridae,海猪鱼属
斑点海猪鱼,永暑礁北沙洲,1,Halichoeres margaritaceus,辐鳍鱼纲,鲈形目,Perciformes,隆头鱼科,Labridae,海猪鱼属
斑点九棘鲈,美济礁,36,Gracila polleni,辐鳍鱼纲,鲈形目,Perciformes,鮨科,Serranidae,九棘鲈属
斑点九棘鲈,七连屿,15,Gracila polleni,辐鳍鱼纲,鲈形目,Perciformes,鮨科,Serranidae,九棘鲈属
斑点九棘鲈,永乐环礁,5,Gracila polleni,辐鳍鱼纲,鲈形目,Perciformes,鮨科,Serranidae,九棘鲈属
斑点九棘鲈,永暑礁北沙洲,20,Gracila polleni,辐鳍鱼纲,鲈形目,Perciformes,鮨科,Serranidae,九棘鲈属
斑点羽鳃笛鲷,美济礁,4,Macolor macularis,辐鳍鱼纲,鲈形目,Perciformes,笛鲷科,Lutjanidae,羽鳃笛鲷属
斑胡椒鲷,美济礁,8,Plectorhinchus chaetodonoides,辐鳍鱼纲,鲈形目,Perciformes,石鲈科,Pomadasyidae,胡椒鲷属
斑卡雀鲷,漫步暗沙,1,Pomacentrus bankanensis,辐鳍鱼纲,鲈形目,Perciformes,雀鲷科,Pomacentridae,雀鲷属
斑卡雀鲷,七连屿,47,Pomacentrus bankanensis,辐鳍鱼纲,鲈形目,Perciformes,雀鲷科,Pomacentridae,雀鲷属
斑卡雀鲷,永暑礁北沙洲,27,Pomacentrus bankanensis,辐鳍鱼纲,鲈形目,Perciformes,雀鲷科,Pomacentridae,雀鲷属
鳃斑盔鱼,美济礁,1,Coris aygula,辐鳍鱼纲,鲈形目,Perciformes,隆头鱼科,Labridae,盔鱼属
斑吻石斑鱼,美济礁,3,Epinephelus spilotoceps,辐鳍鱼纲,鲈形目,Perciformes,鮨科,Serranidae,石斑鱼属
豹纹九棘鲈,美济礁,2,Cephalopholis leopardus,辐鳍鱼纲,鲈形目,Perciformes,鮨科,Serranidae,九棘鲈属
豹纹九棘鲈,永暑礁北沙洲,2,Cephalopholis leopardus,辐鳍鱼纲,鲈形目,Perciformes,鮨科,Serranidae,九棘鲈属
本氏磨塘鳢,美济礁,1,Trimma benjamini,辐鳍鱼纲,鲈形目,Perciformes,虾虎鱼科,Gobiidae,磨塘鳢属
鞭蝴蝶鱼,美济礁,1,Chaetodon ephippium,辐鳍鱼纲,鲈形目,Perciformes,蝴蝶鱼科,Chaetodontidae,蝴蝶鱼属
鞭蝴蝶鱼,七连屿,1,Chaetodon ephippium,辐鳍鱼纲,鲈形目,Perciformes,蝴蝶鱼科,Chaetodontidae,蝴蝶鱼属
扁裸颊鲷,漫步暗沙,14,Lethrinus lentjan,辐鳍鱼纲,鲈形目,Perciformes,裸颊鲷科,Lethrinidae,裸颊鲷属
扁裸颊鲷,南扉暗沙,51,Lethrinus lentjan,辐鳍鱼纲,鲈形目,Perciformes,裸颊鲷科,Lethrinidae,裸颊鲷属
扁裸颊鲷,永暑礁北沙洲,8,Lethrinus lentjan,辐鳍鱼纲,鲈形目,Perciformes,裸颊鲷科,Lethrinidae,裸颊鲷属
勃氏金翅雀鲷,美济礁,164,Chrysiptera brownriggii,辐鳍鱼纲,鲈形目,Perciformes,雀鲷科,Pomacentridae,金翅雀鲷属
勃氏金翅雀鲷,永暑礁北沙洲,6,Chrysiptera brownriggii,辐鳍鱼纲,鲈形目,Perciformes,雀鲷科,Pomacentridae,金翅雀鲷属
侧带海猪鱼,美济礁,3,Halichoeres scapularis,辐鳍鱼纲,鲈形目,Perciformes,隆头鱼科,Labridae,海猪鱼属
叉斑锉鳞鲀,永暑礁北沙洲,1,Rhinecanthus aculeatus,辐鳍鱼纲,鲀形目,Tetraodontiformes,鳞鲀科,Balistidae,锉鳞鲀属
叉尾鲷,美济礁,38,Aphareus furcatus,辐鳍鱼纲,鲈形目,Perciformes,笛鲷科,Lutjanidae,叉尾鲷属
叉尾鲷,南扉暗沙,1,Aphareus furcatus,辐鳍鱼纲,鲈形目,Perciformes,笛鲷科,Lutjanidae,叉尾鲷属
叉尾鲷,七连屿,1,Aphareus furcatus,辐鳍鱼纲,鲈形目,Perciformes,笛鲷科,Lutjanidae,叉尾鲷属
叉尾鲷,永暑礁北沙洲,3,Aphareus furcatus,辐鳍鱼纲,鲈形目,Perciformes,笛鲷科,Lutjanidae,叉尾鲷属
叉纹蝴蝶鱼,美济礁,4,Chaetodon auripes,辐鳍鱼纲,鲈形目,Perciformes,蝴蝶鱼科,Chaetodontidae,蝴蝶鱼属
叉纹蝴蝶鱼,南扉暗沙,1,Chaetodon auripes,辐鳍鱼纲,鲈形目,Perciformes,蝴蝶鱼科,Chaetodontidae,蝴蝶鱼属
叉纹蝴蝶鱼,七连屿,7,Chaetodon auripes,辐鳍鱼纲,鲈形目,Perciformes,蝴蝶鱼科,Chaetodontidae,蝴蝶鱼属
叉纹蝴蝶鱼,永暑礁北沙洲,5,Chaetodon auripes,辐鳍鱼纲,鲈形目,Perciformes,蝴蝶鱼科,Chaetodontidae,蝴蝶鱼属
橙斑刺尾鱼,漫步暗沙,1,Acanthurus olivaceus,辐鳍鱼纲,鲈形目,Perciformes,刺尾鱼科,Acanthuridae,刺尾鱼属
橙斑刺尾鱼,南扉暗沙,27,Acanthurus olivaceus,辐鳍鱼纲,鲈形目,Perciformes,刺尾鱼科,Acanthuridae,刺尾鱼属
橙斑刺尾鱼,永暑礁北沙洲,3,Acanthurus olivaceus,辐鳍鱼纲,鲈形目,Perciformes,刺尾鱼科,Acanthuridae,刺尾鱼属
触角蓑鲉,美济礁,8,Pterois antennata,辐鳍鱼纲,鲉形目,Scorpaeniformes,鲉科,Scorpaenidae,蓑鲉属
触角蓑鲉,永乐环礁,1,Pterois antennata,辐鳍鱼纲,鲉形目,Scorpaeniformes,鲉科,Scorpaenidae,蓑鲉属
刺盖拟花鮨,美济礁,47,Pseudanthias dispar,辐鳍鱼纲,鲈形目,Perciformes,鮨科,Serranidae,拟花鮨属
刺盖拟花鮨,永暑礁北沙洲,2,Pseudanthias dispar,辐鳍鱼纲,鲈形目,Perciformes,鮨科,Serranidae,拟花鮨属
刺盖虾虎鱼,美济礁,1,Oplopomus oplopomus,辐鳍鱼纲,鲈形目,Perciformes,虾虎鱼科,Gobiidae,刺盖虾虎鱼属
刺鹦嘴鱼,美济礁,1,Scarus spinus,辐鳍鱼纲,鲈形目,Perciformes,鹦嘴鱼科,Scaridae,鹦嘴鱼属
刺鹦嘴鱼,永乐环礁,3,Scarus spinus,辐鳍鱼纲,鲈形目,Perciformes,鹦嘴鱼科,Scaridae,鹦嘴鱼属
粗唇副绯鲤,美济礁,40,Parupeneus crassilabris,辐鳍鱼纲,鲈形目,Perciformes,羊鱼科,Mullidae,副绯鲤属
粗唇副绯鲤,永暑礁北沙洲,5,Parupeneus crassilabris,辐鳍鱼纲,鲈形目,Perciformes,羊鱼科,Mullidae,副绯鲤属
粗吻短带鳚,美济礁,2,Plagiotremus rhinorhynchos,辐鳍鱼纲,鲈形目,Perciformes,鳚科,Soleidae,短带鳚属
粗吻短带鳚,永暑礁北沙洲,1,Plagiotremus rhinorhynchos,辐鳍鱼纲,鲈形目,Perciformes,鳚科,Soleidae,短带鳚属
大斑刺鲀,美济礁,2,Diodon liturosus,辐鳍鱼纲,鲀形目,Tetraodontiformes,刺鲀科,Diodontidae,刺鲀属
大口线塘鳢,美济礁,3,Nemateleotris magnificus,辐鳍鱼纲,鲈形目,Perciformes,鳍塘鳢科,Ptereleotridae,线塘鳢属
大口线塘鳢,南扉暗沙,7,Nemateleotris magnificus,辐鳍鱼纲,鲈形目,Perciformes,鳍塘鳢科,Ptereleotridae,线塘鳢属
大口线塘鳢,永暑礁北沙洲,334,Nemateleotris magnificus,辐鳍鱼纲,鲈形目,Perciformes,鳍塘鳢科,Ptereleotridae,线塘鳢属
大眼锯鳞鱼,美济礁,36,Myripristis amaena,辐鳍鱼纲,金眼鲷目,Beryciformes,鳂科,Holocentridae,锯鳞鱼属
大眼锯鳞鱼,七连屿,29,Myripristis amaena,辐鳍鱼纲,金眼鲷目,Beryciformes,鳂科,Holocentridae,锯鳞鱼属
大眼锯鳞鱼,永暑礁北沙洲,8,Myripristis amaena,辐鳍鱼纲,金眼鲷目,Beryciformes,鳂科,Holocentridae,锯鳞鱼属
单斑蝴蝶鱼,漫步暗沙,2,Chaetodon unimaculatus,辐鳍鱼纲,鲈形目,Perciformes,蝴蝶鱼科,Chaetodontidae,蝴蝶鱼属
单带尖唇鱼,美济礁,3,Oxycheilinus unifasciantus,辐鳍鱼纲,鲈形目,Perciformes,隆头鱼科,Labridae,尖唇鱼属
单带尖唇鱼,漫步暗沙,6,Oxycheilinus unifasciantus,辐鳍鱼纲,鲈形目,Perciformes,隆头鱼科,Labridae,尖唇鱼属
单带尖唇鱼,南扉暗沙,11,Oxycheilinus unifasciantus,辐鳍鱼纲,鲈形目,Perciformes,隆头鱼科,Labridae,尖唇鱼属
单带尖唇鱼,七连屿,4,Oxycheilinus unifasciantus,辐鳍鱼纲,鲈形目,Perciformes,隆头鱼科,Labridae,尖唇鱼属
单带尖唇鱼,永乐环礁,2,Oxycheilinus unifasciantus,辐鳍鱼纲,鲈形目,Perciformes,隆头鱼科,Labridae,尖唇鱼属
单带尖唇鱼,永暑礁北沙洲,23,Oxycheilinus unifasciantus,辐鳍鱼纲,鲈形目,Perciformes,隆头鱼科,Labridae,尖唇鱼属
单列齿鲷,美济礁,23,Monotaxis grandoculis,辐鳍鱼纲,鲈形目,Perciformes,裸颊鲷科,Lethrinidae,单列齿鲷属
单列齿鲷,七连屿,1,Monotaxis grandoculis,辐鳍鱼纲,鲈形目,Perciformes,裸颊鲷科,Lethrinidae,单列齿鲷属
单列齿鲷,永暑礁北沙洲,6,Monotaxis grandoculis,辐鳍鱼纲,鲈形目,Perciformes,裸颊鲷科,Lethrinidae,单列齿鲷属
单线突唇鱼,美济礁,3,Labrichthys unilineatus,辐鳍鱼纲,鲈形目,Perciformes,隆头鱼科,Labridae,突唇鱼属
单线突唇鱼,永暑礁北沙洲,1,Labrichthys unilineatus,辐鳍鱼纲,鲈形目,Perciformes,隆头鱼科,Labridae,突唇鱼属
低鳍鮀,美济礁,2,Kyphosus vaigiensis,辐鳍鱼纲,鲈形目,Perciformes,鮀科,Amaranthaceae,鮀属
低鳍鮀,永暑礁北沙洲,32,Kyphosus vaigiensis,辐鳍鱼纲,鲈形目,Perciformes,鮀科,Amaranthaceae,鮀属
狄氏椒雀鲷,美济礁,12,Plectroglyphidodon dickii,辐鳍鱼纲,鲈形目,Perciformes,雀鲷科,Pomacentridae,椒雀鲷属
狄氏椒雀鲷,漫步暗沙,12,Plectroglyphidodon dickii,辐鳍鱼纲,鲈形目,Perciformes,雀鲷科,Pomacentridae,椒雀鲷属
狄氏椒雀鲷,南扉暗沙,10,Plectroglyphidodon dickii,辐鳍鱼纲,鲈形目,Perciformes,雀鲷科,Pomacentridae,椒雀鲷属
狄氏椒雀鲷,七连屿,8,Plectroglyphidodon dickii,辐鳍鱼纲,鲈形目,Perciformes,雀鲷科,Pomacentridae,椒雀鲷属
狄氏椒雀鲷,永乐环礁,3,Plectroglyphidodon dickii,辐鳍鱼纲,鲈形目,Perciformes,雀鲷科,Pomacentridae,椒雀鲷属
狄氏椒雀鲷,永暑礁北沙洲,19,Plectroglyphidodon dickii,辐鳍鱼纲,鲈形目,Perciformes,雀鲷科,Pomacentridae,椒雀鲷属
短吻鼻鱼,南扉暗沙,1,Naso brevirostris,辐鳍鱼纲,鲈形目,Perciformes,刺尾鱼科,Acanthuridae,鼻鱼属
短吻弱棘鱼,永暑礁北沙洲,13,Malacanthus brevirostris,辐鳍鱼纲,鲈形目,Perciformes,弱棘鱼科,Malacanthidae,弱棘鱼属
钝头锦鱼,漫步暗沙,30,Thalassoma amblycephalum,辐鳍鱼纲,鲈形目,Perciformes,隆头鱼科,Labridae,锦鱼属
钝头锦鱼,美济礁,2719,Thalassoma amblycephalum,辐鳍鱼纲,鲈形目,Perciformes,隆头鱼科,Labridae,锦鱼属
钝头锦鱼,七连屿,109,Thalassoma amblycephalum,辐鳍鱼纲,鲈形目,Perciformes,隆头鱼科,Labridae,锦鱼属
钝头锦鱼,永暑礁北沙洲,89,Thalassoma amblycephalum,辐鳍鱼纲,鲈形目,Perciformes,隆头鱼科,Labridae,锦鱼属
钝头鹦嘴鱼,美济礁,47,Scarus rubroviolaceus,辐鳍鱼纲,鲈形目,Perciformes,鹦嘴鱼科,Scaridae,鹦嘴鱼属
多带副绯鲤,漫步暗沙,15,Parupeneus multifasciatus,辐鳍鱼纲,鲈形目,Perciformes,羊鱼科,Mullidae,副绯鲤属
多带副绯鲤,美济礁,57,Parupeneus multifasciatus,辐鳍鱼纲,鲈形目,Perciformes,羊鱼科,Mullidae,副绯鲤属
多带副绯鲤,南扉暗沙,17,Parupeneus multifasciatus,辐鳍鱼纲,鲈形目,Perciformes,羊鱼科,Mullidae,副绯鲤属
多带副绯鲤,七连屿,16,Parupeneus multifasciatus,辐鳍鱼纲,鲈形目,Perciformes,羊鱼科,Mullidae,副绯鲤属
多带副绯鲤,永乐环礁,9,Parupeneus multifasciatus,辐鳍鱼纲,鲈形目,Perciformes,羊鱼科,Mullidae,副绯鲤属
多带副绯鲤,永暑礁北沙洲,30,Parupeneus multifasciatus,辐鳍鱼纲,鲈形目,Perciformes,羊鱼科,Mullidae,副绯鲤属
多棘鲤䱵,美济礁,1,Cyprinocirrhites polyactis,辐鳍鱼纲,鲈形目,Perciformes,䱵科,Cirrhitidae,鲤䱵属
多鳞霞蝶鱼,美济礁,981,Hemitaurichthys polylepis,辐鳍鱼纲,鲈形目,Perciformes,蝴蝶鱼科,Chaetodontidae,霞蝶鱼属
多鳞霞蝶鱼,永暑礁北沙洲,29,Hemitaurichthys polylepis,辐鳍鱼纲,鲈形目,Perciformes,蝴蝶鱼科,Chaetodontidae,霞蝶鱼属
多纹褶唇鱼,美济礁,3,Labropsis xanthonota,辐鳍鱼纲,鲈形目,Perciformes,隆头鱼科,Labridae,褶唇鱼属
多纹褶唇鱼,七连屿,1,Labropsis xanthonota,辐鳍鱼纲,鲈形目,Perciformes,隆头鱼科,Labridae,褶唇鱼属
凡氏光鳃鱼,美济礁,1096,Chromis vanderbilti,辐鳍鱼纲,鲈形目,Perciformes,雀鲷科,Pomacentridae,光鳃鱼属
凡氏光鳃鱼,南扉暗沙,3,Chromis vanderbilti,辐鳍鱼纲,鲈形目,Perciformes,雀鲷科,Pomacentridae,光鳃鱼属
凡氏光鳃鱼,七连屿,135,Chromis vanderbilti,辐鳍鱼纲,鲈形目,Perciformes,雀鲷科,Pomacentridae,光鳃鱼属
凡氏光鳃鱼,永暑礁北沙洲,1060,Chromis vanderbilti,辐鳍鱼纲,鲈形目,Perciformes,雀鲷科,Pomacentridae,光鳃鱼属
菲律宾雀鲷,美济礁,267,Pomacentrus philippinus,辐鳍鱼纲,鲈形目,Perciformes,雀鲷科,Pomacentridae,雀鲷属
菲律宾雀鲷,七连屿,470,Pomacentrus philippinus,辐鳍鱼纲,鲈形目,Perciformes,雀鲷科,Pomacentridae,雀鲷属
菲律宾雀鲷,永乐环礁,110,Pomacentrus philippinus,辐鳍鱼纲,鲈形目,Perciformes,雀鲷科,Pomacentridae,雀鲷属
菲律宾雀鲷,永暑礁北沙洲,80,Pomacentrus philippinus,辐鳍鱼纲,鲈形目,Perciformes,雀鲷科,Pomacentridae,雀鲷属
蜂巢石斑鱼,美济礁,1,Epinephelus merra,辐鳍鱼纲,鲈形目,Perciformes,鮨科,Serranidae,石斑鱼属
蜂巢石斑鱼,七连屿,10,Epinephelus merra,辐鳍鱼纲,鲈形目,Perciformes,鮨科,Serranidae,石斑鱼属
蜂巢石斑鱼,永暑礁北沙洲,29,Epinephelus merra,辐鳍鱼纲,鲈形目,Perciformes,鮨科,Serranidae,石斑鱼属
辐纹蓑鲉,七连屿,8,Pterois radiata,辐鳍鱼纲,鲉形目,Scorpaeniformes,鲉科,Scorpaenidae,蓑鲉属
福氏刺尻鱼,漫步暗沙,30,Centropyge vrolikii,辐鳍鱼纲,鲈形目,Perciformes,刺盖鱼科,Pomacanthidae,刺尻鱼属
福氏刺尻鱼,美济礁,24,Centropyge vrolikii,辐鳍鱼纲,鲈形目,Perciformes,刺盖鱼科,Pomacanthidae,刺尻鱼属
福氏刺尻鱼,南扉暗沙,9,Centropyge vrolikii,辐鳍鱼纲,鲈形目,Perciformes,刺盖鱼科,Pomacanthidae,刺尻鱼属
福氏刺尻鱼,七连屿,31,Centropyge vrolikii,辐鳍鱼纲,鲈形目,Perciformes,刺盖鱼科,Pomacanthidae,刺尻鱼属
福氏刺尻鱼,永乐环礁,7,Centropyge vrolikii,辐鳍鱼纲,鲈形目,Perciformes,刺盖鱼科,Pomacanthidae,刺尻鱼属
福氏刺尻鱼,永暑礁北沙洲,19,Centropyge vrolikii,辐鳍鱼纲,鲈形目,Perciformes,刺盖鱼科,Pomacanthidae,刺尻鱼属
副䱵,漫步暗沙,1,Paracirrhites arcatus,辐鳍鱼纲,鲈形目,Perciformes,䱵科,Cirrhitidae,副䱵属
副䱵,美济礁,78,Paracirrhites arcatus,辐鳍鱼纲,鲈形目,Perciformes,䱵科,Cirrhitidae,副䱵属
副䱵,南扉暗沙,15,Paracirrhites arcatus,辐鳍鱼纲,鲈形目,Perciformes,䱵科,Cirrhitidae,副䱵属
副䱵,七连屿,11,Paracirrhites arcatus,辐鳍鱼纲,鲈形目,Perciformes,䱵科,Cirrhitidae,副䱵属
副䱵,永暑礁北沙洲,39,Paracirrhites arcatus,辐鳍鱼纲,鲈形目,Perciformes,䱵科,Cirrhitidae,副䱵属
盖斑海猪鱼,永暑礁北沙洲,1,Halichoeres melasmapomus,辐鳍鱼纲,鲈形目,Perciformes,隆头鱼科,Labridae,海猪鱼属
高体拟花鮨,美济礁,2,Pseudanthias hypselosoma,辐鳍鱼纲,鲈形目,Perciformes,鮨科,Serranidae,拟花鮨属
格纹海猪鱼,美济礁,71,Halichoeres hortulanus,辐鳍鱼纲,鲈形目,Perciformes,隆头鱼科,Labridae,海猪鱼属
格纹海猪鱼,南扉暗沙,2,Halichoeres hortulanus,辐鳍鱼纲,鲈形目,Perciformes,隆头鱼科,Labridae,海猪鱼属
格纹海猪鱼,七连屿,19,Halichoeres hortulanus,辐鳍鱼纲,鲈形目,Perciformes,隆头鱼科,Labridae,海猪鱼属
格纹海猪鱼,永乐环礁,1,Halichoeres hortulanus,辐鳍鱼纲,鲈形目,Perciformes,隆头鱼科,Labridae,海猪鱼属
格纹海猪鱼,永暑礁北沙洲,141,Halichoeres hortulanus,辐鳍鱼纲,鲈形目,Perciformes,隆头鱼科,Labridae,海猪鱼属
格纹蝴蝶鱼,漫步暗沙,1,Chaetodon rafflesii,辐鳍鱼纲,鲈形目,Perciformes,蝴蝶鱼科,Chaetodontidae,蝴蝶鱼属
格纹蝴蝶鱼,美济礁,1,Chaetodon rafflesii,辐鳍鱼纲,鲈形目,Perciformes,蝴蝶鱼科,Chaetodontidae,蝴蝶鱼属
格纹蝴蝶鱼,永乐环礁,3,Chaetodon rafflesii,辐鳍鱼纲,鲈形目,Perciformes,蝴蝶鱼科,Chaetodontidae,蝴蝶鱼属
弓月蝴蝶鱼,漫步暗沙,2,Chaetodon lunulatus,辐鳍鱼纲,鲈形目,Perciformes,蝴蝶鱼科,Chaetodontidae,蝴蝶鱼属
弓月蝴蝶鱼,美济礁,7,Chaetodon lunulatus,辐鳍鱼纲,鲈形目,Perciformes,蝴蝶鱼科,Chaetodontidae,蝴蝶鱼属
弓月蝴蝶鱼,七连屿,34,Chaetodon lunulatus,辐鳍鱼纲,鲈形目,Perciformes,蝴蝶鱼科,Chaetodontidae,蝴蝶鱼属
弓月蝴蝶鱼,永乐环礁,14,Chaetodon lunulatus,辐鳍鱼纲,鲈形目,Perciformes,蝴蝶鱼科,Chaetodontidae,蝴蝶鱼属
弓月蝴蝶鱼,永暑礁北沙洲,2,Chaetodon lunulatus,辐鳍鱼纲,鲈形目,Perciformes,蝴蝶鱼科,Chaetodontidae,蝴蝶鱼属
海氏刺尻鱼,漫步暗沙,13,Centropyge heraldi,辐鳍鱼纲,鲈形目,Perciformes,刺盖鱼科,Pomacanthidae,刺尻鱼属
海氏刺尻鱼,美济礁,5,Centropyge heraldi,辐鳍鱼纲,鲈形目,Perciformes,刺盖鱼科,Pomacanthidae,刺尻鱼属
海氏刺尻鱼,南扉暗沙,80,Centropyge heraldi,辐鳍鱼纲,鲈形目,Perciformes,刺盖鱼科,Pomacanthidae,刺尻鱼属
海氏刺尻鱼,七连屿,1,Centropyge heraldi,辐鳍鱼纲,鲈形目,Perciformes,刺盖鱼科,Pomacanthidae,刺尻鱼属
海氏刺尻鱼,永乐环礁,29,Centropyge heraldi,辐鳍鱼纲,鲈形目,Perciformes,刺盖鱼科,Pomacanthidae,刺尻鱼属
海氏刺尻鱼,永暑礁北沙洲,27,Centropyge heraldi,辐鳍鱼纲,鲈形目,Perciformes,刺盖鱼科,Pomacanthidae,刺尻鱼属
褐斑刺尾鱼,美济礁,1,Acanthurus nigrofuscus,辐鳍鱼纲,鲈形目,Perciformes,刺尾鱼科,Acanthuridae,刺尾鱼属
褐斑刺尾鱼,七连屿,1,Acanthurus nigrofuscus,辐鳍鱼纲,鲈形目,Perciformes,刺尾鱼科,Acanthuridae,刺尾鱼属
黑鞍鳃棘鲈,美济礁,1,Plectropomus laevis,辐鳍鱼纲,鲈形目,Perciformes,鮨科,Serranidae,鳃棘鲈属
黑斑叉鼻鲀,七连屿,1,Arothron nigropunctatus,辐鳍鱼纲,鲀形目,Tetraodontiformes,鲀科,Tetraodontidae,叉鼻鲀属
黑斑叉鼻鲀,永暑礁北沙洲,1,Arothron nigropunctatus,辐鳍鱼纲,鲀形目,Tetraodontiformes,鲀科,Tetraodontidae,叉鼻鲀属
黑斑副绯鲤,南扉暗沙,1,Parupeneus pleurostigma,辐鳍鱼纲,鲈形目,Perciformes,羊鱼科,Mullidae,副绯鲤属
黑斑副绯鲤,七连屿,2,Parupeneus pleurostigma,辐鳍鱼纲,鲈形目,Perciformes,羊鱼科,Mullidae,副绯鲤属
黑斑副绯鲤,永乐环礁,1,Parupeneus pleurostigma,辐鳍鱼纲,鲈形目,Perciformes,羊鱼科,Mullidae,副绯鲤属
黑斑副绯鲤,永暑礁北沙洲,4,Parupeneus pleurostigma,辐鳍鱼纲,鲈形目,Perciformes,羊鱼科,Mullidae,副绯鲤属
黑斑盘雀鲷,美济礁,19,Dischistodus melanotus,辐鳍鱼纲,鲈形目,Perciformes,雀鲷科,Pomacentridae,盘雀鲷属
黑斑盘雀鲷,永暑礁北沙洲,3,Dischistodus melanotus,辐鳍鱼纲,鲈形目,Perciformes,雀鲷科,Pomacentridae,盘雀鲷属
黑斑鹦嘴鱼,七连屿,19,Scarus globiceps,辐鳍鱼纲,鲈形目,Perciformes,鹦嘴鱼科,Scaridae,鹦嘴鱼属
黑斑鹦嘴鱼,永乐环礁,6,Scarus globiceps,辐鳍鱼纲,鲈形目,Perciformes,鹦嘴鱼科,Scaridae,鹦嘴鱼属
黑斑鹦嘴鱼,永暑礁北沙洲,4,Scarus globiceps,辐鳍鱼纲,鲈形目,Perciformes,鹦嘴鱼科,Scaridae,鹦嘴鱼属
黑斑月蝶鱼,永暑礁北沙洲,1,Genicanthus melanospilos,辐鳍鱼纲,鲈形目,Perciformes,刺盖鱼科,Pomacanthidae,月蝶鱼属
黑背蝴蝶鱼,七连屿,1,Chaetodon melanotus,辐鳍鱼纲,鲈形目,Perciformes,蝴蝶鱼科,Chaetodontidae,蝴蝶鱼属
黑背蝴蝶鱼,永乐环礁,7,Chaetodon melanotus,辐鳍鱼纲,鲈形目,Perciformes,蝴蝶鱼科,Chaetodontidae,蝴蝶鱼属
黑背羽鳃笛鲷,永暑礁北沙洲,3,Macolor niger,辐鳍鱼纲,鲈形目,Perciformes,笛鲷科,Lutjanidae,羽鳃笛鲷属
黑边角鳞鲀,漫步暗沙,19,Melichthys vidua,辐鳍鱼纲,鲀形目,Tetraodontiformes,鳞鲀科,Balistidae,角鳞鲀属
黑边角鳞鲀,美济礁,372,Melichthys vidua,辐鳍鱼纲,鲀形目,Tetraodontiformes,鳞鲀科,Balistidae,角鳞鲀属
黑边角鳞鲀,南扉暗沙,68,Melichthys vidua,辐鳍鱼纲,鲀形目,Tetraodontiformes,鳞鲀科,Balistidae,角鳞鲀属
黑边角鳞鲀,永乐环礁,17,Melichthys vidua,辐鳍鱼纲,鲀形目,Tetraodontiformes,鳞鲀科,Balistidae,角鳞鲀属
黑边角鳞鲀,永暑礁北沙洲,233,Melichthys vidua,辐鳍鱼纲,鲀形目,Tetraodontiformes,鳞鲀科,Balistidae,角鳞鲀属
黑带锉鳞鲀,美济礁,8,Rhinecanthus rectangulus,辐鳍鱼纲,鲀形目,Tetraodontiformes,鳞鲀科,Balistidae,锉鳞鲀属
黑带锉鳞鲀,永暑礁北沙洲,3,Rhinecanthus rectangulus,辐鳍鱼纲,鲀形目,Tetraodontiformes,鳞鲀科,Balistidae,锉鳞鲀属
黑带光鳃鱼,美济礁,10,Chromis retrofasciata,辐鳍鱼纲,鲈形目,Perciformes,雀鲷科,Pomacentridae,光鳃鱼属
狄氏椒雀鲷,美济礁,8,Plectroglyphidodon dickii,辐鳍鱼纲,鲈形目,Perciformes,雀鲷科,Pomacentridae,椒雀鲷属
黑带鳞鳍梅鲷,美济礁,326,Pterocaesio tile,辐鳍鱼纲,鲈形目,Perciformes,笛鲷科,Lutjanidae,鳞鳍梅鲷属
黑带鳞鳍梅鲷,南扉暗沙,3,Pterocaesio tile,辐鳍鱼纲,鲈形目,Perciformes,笛鲷科,Lutjanidae,鳞鳍梅鲷属
黑带鳞鳍梅鲷,七连屿,25,Pterocaesio tile,辐鳍鱼纲,鲈形目,Perciformes,笛鲷科,Lutjanidae,鳞鳍梅鲷属
黑带鳞鳍梅鲷,永暑礁北沙洲,9,Pterocaesio tile,辐鳍鱼纲,鲈形目,Perciformes,笛鲷科,Lutjanidae,鳞鳍梅鲷属
黑带稀棘鳚,美济礁,7,Meiacanthus grammistes,辐鳍鱼纲,鲈形目,Perciformes,鳚科,Soleidae,稀棘鳚属
黑带鹦天竺鲷,漫步暗沙,2,Ostorhinchus nigrofasciatus,辐鳍鱼纲,鲈形目,Perciformes,天竺鲷科,Apogonidae,天竺鲷属
黑带鹦天竺鲷,七连屿,6,Ostorhinchus nigrofasciatus,辐鳍鱼纲,鲈形目,Perciformes,天竺鲷科,Apogonidae,天竺鲷属
黑额海猪鱼,美济礁,1,Halichoeres prosopein,辐鳍鱼纲,鲈形目,Perciformes,隆头鱼科,Labridae,海猪鱼属
黑额海猪鱼,南扉暗沙,1,Halichoeres prosopein,辐鳍鱼纲,鲈形目,Perciformes,隆头鱼科,Labridae,海猪鱼属
黑额海猪鱼,永暑礁北沙洲,9,Halichoeres prosopein,辐鳍鱼纲,鲈形目,Perciformes,隆头鱼科,Labridae,海猪鱼属
黑副鳞鲀,南扉暗沙,1,Pseudobalistes fuscus,辐鳍鱼纲,鲀形目,Tetraodontiformes,鳞鲀科,Balistidae,副鳞鲀属
黑褐新箭齿雀鲷,漫步暗沙,44,Neoglyphidodon nigroris,辐鳍鱼纲,鲈形目,Perciformes,雀鲷科,Pomacentridae,新箭齿雀鲷属
黑褐新箭齿雀鲷,永暑礁北沙洲,3,Neoglyphidodon nigroris,辐鳍鱼纲,鲈形目,Perciformes,雀鲷科,Pomacentridae,新箭齿雀鲷属
黑尻鲹,美济礁,16,Caranx melampygus,辐鳍鱼纲,鲈形目,Perciformes,鲹科,Platycephalidae,鲹属
黑尻鲹,永暑礁北沙洲,26,Caranx melampygus,辐鳍鱼纲,鲈形目,Perciformes,鲹科,Platycephalidae,鲹属
黑鳍厚唇鱼,永乐环礁,2,Hemigymnus melapterus,辐鳍鱼纲,鲈形目,Perciformes,隆头鱼科,Labridae,厚唇鱼属
黑鳍厚唇鱼,永暑礁北沙洲,8,Hemigymnus melapterus,辐鳍鱼纲,鲈形目,Perciformes,隆头鱼科,Labridae,厚唇鱼属
黑鳍新东洋鳂,美济礁,1,Neoniphon opercularis,辐鳍鱼纲,金眼鲷目,Beryciformes,鳂科,Holocentridae,新东洋鳂属
黑鳍新东洋鳂,永乐环礁,4,Neoniphon opercularis,辐鳍鱼纲,金眼鲷目,Beryciformes,鳂科,Holocentridae,新东洋鳂属
黑鳍新东洋鳂,永暑礁北沙洲,11,Neoniphon opercularis,辐鳍鱼纲,金眼鲷目,Beryciformes,鳂科,Holocentridae,新东洋鳂属
黑鳃刺尾鱼,美济礁,2,Acanthurus pyroferus,辐鳍鱼纲,鲈形目,Perciformes,刺尾鱼科,Acanthuridae,刺尾鱼属
黑稍单鳍鱼,永暑礁北沙洲,19,Pempheris oualensis,辐鳍鱼纲,鲈形目,Perciformes,单鳍鱼科,Pempheridae,单鳍鱼属
黑尾刺尾鱼,美济礁,4,Acanthurus nigricauda,辐鳍鱼纲,鲈形目,Perciformes,刺尾鱼科,Acanthuridae,刺尾鱼属
黑尾刺尾鱼,南扉暗沙,1,Acanthurus nigricauda,辐鳍鱼纲,鲈形目,Perciformes,刺尾鱼科,Acanthuridae,刺尾鱼属
黑尾刺尾鱼,永暑礁北沙洲,1,Acanthurus nigricauda,辐鳍鱼纲,鲈形目,Perciformes,刺尾鱼科,Acanthuridae,刺尾鱼属
黑尾鳍塘鳢,漫步暗沙,2,Ptereleotris evides,辐鳍鱼纲,鲈形目,Perciformes,鳍塘鳢科,Ptereleotridae,鳍塘鳢属
黑尾鳍塘鳢,南扉暗沙,9,Ptereleotris evides,辐鳍鱼纲,鲈形目,Perciformes,鳍塘鳢科,Ptereleotridae,鳍塘鳢属
黑尾鳍塘鳢,七连屿,27,Ptereleotris evides,辐鳍鱼纲,鲈形目,Perciformes,鳍塘鳢科,Ptereleotridae,鳍塘鳢属
黑尾鳍塘鳢,永暑礁北沙洲,37,Ptereleotris evides,辐鳍鱼纲,鲈形目,Perciformes,鳍塘鳢科,Ptereleotridae,鳍塘鳢属
黑尾宅泥鱼,永暑礁北沙洲,38,Dascyllus melanurus,辐鳍鱼纲,鲈形目,Perciformes,雀鲷科,Pomacentridae,宅泥鱼属
黑星紫胸鱼,美济礁,5,Stethojulis bandanensis,辐鳍鱼纲,鲈形目,Perciformes,隆头鱼科,Labridae,紫胸鱼属
黑星紫胸鱼,七连屿,1,Stethojulis bandanensis,辐鳍鱼纲,鲈形目,Perciformes,隆头鱼科,Labridae,紫胸鱼属
黑星紫胸鱼,永暑礁北沙洲,12,Stethojulis bandanensis,辐鳍鱼纲,鲈形目,Perciformes,隆头鱼科,Labridae,紫胸鱼属
黑缘雀鲷,美济礁,3,Pomacentrus nigromarginatus,辐鳍鱼纲,鲈形目,Perciformes,雀鲷科,Pomacentridae,雀鲷属
黑缘雀鲷,南扉暗沙,1,Pomacentrus nigromarginatus,辐鳍鱼纲,鲈形目,Perciformes,雀鲷科,Pomacentridae,雀鲷属
黑缘雀鲷,永暑礁北沙洲,170,Pomacentrus nigromarginatus,辐鳍鱼纲,鲈形目,Perciformes,雀鲷科,Pomacentridae,雀鲷属
黑缘丝隆头鱼,漫步暗沙,582,Cirrhilabrus melanomarginatus,辐鳍鱼纲,鲈形目,Perciformes,隆头鱼科,Labridae,丝隆头鱼属
黑缘丝隆头鱼,美济礁,3,Cirrhilabrus melanomarginatus,辐鳍鱼纲,鲈形目,Perciformes,隆头鱼科,Labridae,丝隆头鱼属
黑缘丝隆头鱼,南扉暗沙,719,Cirrhilabrus melanomarginatus,辐鳍鱼纲,鲈形目,Perciformes,隆头鱼科,Labridae,丝隆头鱼属
黑缘丝隆头鱼,七连屿,35,Cirrhilabrus melanomarginatus,辐鳍鱼纲,鲈形目,Perciformes,隆头鱼科,Labridae,丝隆头鱼属
黑缘丝隆头鱼,永乐环礁,35,Cirrhilabrus melanomarginatus,辐鳍鱼纲,鲈形目,Perciformes,隆头鱼科,Labridae,丝隆头鱼属
黑缘丝隆头鱼,永暑礁北沙洲,22,Cirrhilabrus melanomarginatus,辐鳍鱼纲,鲈形目,Perciformes,隆头鱼科,Labridae,丝隆头鱼属
黑缘尾九棘鲈,美济礁,2,Cephalopholis spiloparaea,辐鳍鱼纲,鲈形目,Perciformes,鮨科,Serranidae,九棘鲈属
横带扁背鲀,七连屿,4,Canthigaster valentini,辐鳍鱼纲,鲀形目,Tetraodontiformes,鲀科,Tetraodontidae,扁背鲀属
横带扁背鲀,永乐环礁,1,Canthigaster valentini,辐鳍鱼纲,鲀形目,Tetraodontiformes,鲀科,Tetraodontidae,扁背鲀属
横带扁背鲀,美济礁,1,Canthigaster valentini,辐鳍鱼纲,鲀形目,Tetraodontiformes,鲀科,Tetraodontidae,扁背鲀属
横带唇鱼,美济礁,30,Cheilinus fasciatus,辐鳍鱼纲,鲈形目,Perciformes,隆头鱼科,Labridae,唇鱼属
横带唇鱼,七连屿,3,Cheilinus fasciatus,辐鳍鱼纲,鲈形目,Perciformes,隆头鱼科,Labridae,唇鱼属
横带唇鱼,永暑礁北沙洲,1,Cheilinus fasciatus,辐鳍鱼纲,鲈形目,Perciformes,隆头鱼科,Labridae,唇鱼属
横带刺尾鱼,美济礁,1,Acanthurus triostegus,辐鳍鱼纲,鲈形目,Perciformes,刺尾鱼科,Acanthuridae,刺尾鱼属
横带刺尾鱼,永暑礁北沙洲,942,Acanthurus triostegus,辐鳍鱼纲,鲈形目,Perciformes,刺尾鱼科,Acanthuridae,刺尾鱼属
横带厚唇鱼,漫步暗沙,1,Hemigymnus fasciatus,辐鳍鱼纲,鲈形目,Perciformes,隆头鱼科,Labridae,厚唇鱼属
横带厚唇鱼,美济礁,4,Hemigymnus fasciatus,辐鳍鱼纲,鲈形目,Perciformes,隆头鱼科,Labridae,厚唇鱼属
横带高鳍刺尾鱼,漫步暗沙,1,Zebrasoma veliferum,辐鳍鱼纲,鲈形目,Perciformes,刺尾鱼科,Acanthuridae,高鳍刺尾鱼属
横带高鳍刺尾鱼,美济礁,27,Zebrasoma veliferum,辐鳍鱼纲,鲈形目,Perciformes,刺尾鱼科,Acanthuridae,高鳍刺尾鱼属
横带高鳍刺尾鱼,七连屿,2,Zebrasoma veliferum,辐鳍鱼纲,鲈形目,Perciformes,刺尾鱼科,Acanthuridae,高鳍刺尾鱼属
横带高鳍刺尾鱼,永乐环礁,3,Zebrasoma veliferum,辐鳍鱼纲,鲈形目,Perciformes,刺尾鱼科,Acanthuridae,高鳍刺尾鱼属
横带高鳍刺尾鱼,永暑礁北沙洲,7,Zebrasoma veliferum,辐鳍鱼纲,鲈形目,Perciformes,刺尾鱼科,Acanthuridae,高鳍刺尾鱼属
横带厚唇鱼,漫步暗沙,13,Hemigymnus fasciatus,辐鳍鱼纲,鲈形目,Perciformes,隆头鱼科,Labridae,厚唇鱼属
横带厚唇鱼,美济礁,2,Hemigymnus fasciatus,辐鳍鱼纲,鲈形目,Perciformes,隆头鱼科,Labridae,厚唇鱼属
横带厚唇鱼,南扉暗沙,3,Hemigymnus fasciatus,辐鳍鱼纲,鲈形目,Perciformes,隆头鱼科,Labridae,厚唇鱼属
横带厚唇鱼,七连屿,3,Hemigymnus fasciatus,辐鳍鱼纲,鲈形目,Perciformes,隆头鱼科,Labridae,厚唇鱼属
横带厚唇鱼,永乐环礁,6,Hemigymnus fasciatus,辐鳍鱼纲,鲈形目,Perciformes,隆头鱼科,Labridae,厚唇鱼属
横带厚唇鱼,永暑礁北沙洲,5,Hemigymnus fasciatus,辐鳍鱼纲,鲈形目,Perciformes,隆头鱼科,Labridae,厚唇鱼属
粗吻短带鳚,美济礁,1,Plagiotremus rhinorhynchos,辐鳍鱼纲,鲈形目,Perciformes,鳚科,Soleidae,短带鳚属
横条石斑鱼,美济礁,3,Epinephelus fasciatus,辐鳍鱼纲,鲈形目,Perciformes,鮨科,Serranidae,石斑鱼属
红牙鳞鲀,南扉暗沙,368,Odonus niger,辐鳍鱼纲,鲀形目,Tetraodontiformes,鳞鲀科,Balistidae,红牙鳞鲀属
红牙鳞鲀,永暑礁北沙洲,3510,Odonus niger,辐鳍鱼纲,鲀形目,Tetraodontiformes,鳞鲀科,Balistidae,红牙鳞鲀属
红缘丝隆头鱼,永暑礁北沙洲,1,Cirrhilabrus rubrimarginatus,辐鳍鱼纲,鲈形目,Perciformes,隆头鱼科,Labridae,丝隆头鱼属
红嘴烟鲈,漫步暗沙,1,Aethaloperca rogaa,辐鳍鱼纲,鲈形目,Perciformes,鮨科,Serranidae,烟鲈属
红嘴烟鲈,美济礁,11,Aethaloperca rogaa,辐鳍鱼纲,鲈形目,Perciformes,鮨科,Serranidae,烟鲈属
红嘴烟鲈,南扉暗沙,2,Aethaloperca rogaa,辐鳍鱼纲,鲈形目,Perciformes,鮨科,Serranidae,烟鲈属
红嘴烟鲈,七连屿,1,Aethaloperca rogaa,辐鳍鱼纲,鲈形目,Perciformes,鮨科,Serranidae,烟鲈属
红嘴烟鲈,永暑礁北沙洲,1,Aethaloperca rogaa,辐鳍鱼纲,鲈形目,Perciformes,鮨科,Serranidae,烟鲈属
狐篮子鱼,美济礁,19,Siganus vulpinus,辐鳍鱼纲,鲈形目,Perciformes,篮子鱼科,Siganidae,篮子鱼属
狐篮子鱼,永乐环礁,2,Siganus vulpinus,辐鳍鱼纲,鲈形目,Perciformes,篮子鱼科,Siganidae,篮子鱼属
弧带鹦嘴鱼,美济礁,5,Scarus dimidiatus,辐鳍鱼纲,鲈形目,Perciformes,鹦嘴鱼科,Scaridae,鹦嘴鱼属
花斑拟鳞鲀,美济礁,3,Balistoides conspicillum,辐鳍鱼纲,鲀形目,Tetraodontiformes,鳞鲀科,Balistidae,拟鳞鲀属
花斑拟鳞鲀,永暑礁北沙洲,1,Balistoides conspicillum,辐鳍鱼纲,鲀形目,Tetraodontiformes,鳞鲀科,Balistidae,拟鳞鲀属
华丽蝴蝶鱼,漫步暗沙,2,Chaetodon ornatissimus,辐鳍鱼纲,鲈形目,Perciformes,蝴蝶鱼科,Chaetodontidae,蝴蝶鱼属
华丽蝴蝶鱼,美济礁,57,Chaetodon ornatissimus,辐鳍鱼纲,鲈形目,Perciformes,蝴蝶鱼科,Chaetodontidae,蝴蝶鱼属
华丽蝴蝶鱼,南扉暗沙,2,Chaetodon ornatissimus,辐鳍鱼纲,鲈形目,Perciformes,蝴蝶鱼科,Chaetodontidae,蝴蝶鱼属
华丽蝴蝶鱼,七连屿,12,Chaetodon ornatissimus,辐鳍鱼纲,鲈形目,Perciformes,蝴蝶鱼科,Chaetodontidae,蝴蝶鱼属
华丽蝴蝶鱼,永乐环礁,4,Chaetodon ornatissimus,辐鳍鱼纲,鲈形目,Perciformes,蝴蝶鱼科,Chaetodontidae,蝴蝶鱼属
华丽蝴蝶鱼,永暑礁北沙洲,4,Chaetodon ornatissimus,辐鳍鱼纲,鲈形目,Perciformes,蝴蝶鱼科,Chaetodontidae,蝴蝶鱼属
环纹细鳞盔鱼,美济礁,1,Hologymnosus annulatus,辐鳍鱼纲,鲈形目,Perciformes,隆头鱼科,Labridae,细鳞盔鱼属
环纹细鳞盔鱼,七连屿,2,Hologymnosus annulatus,辐鳍鱼纲,鲈形目,Perciformes,隆头鱼科,Labridae,细鳞盔鱼属
黄鞍鹦嘴鱼,美济礁,12,Scarus oviceps,辐鳍鱼纲,鲈形目,Perciformes,鹦嘴鱼科,Scaridae,鹦嘴鱼属
黄唇裸颊鲷,漫步暗沙,1,Lethrinus xanthochilus,辐鳍鱼纲,鲈形目,Perciformes,裸颊鲷科,Lethrinidae,裸颊鲷属
黄带拟羊鱼,永暑礁北沙洲,8,Mulloidichthys flavolineatus,辐鳍鱼纲,鲈形目,Perciformes,羊鱼科,Mullidae,拟羊鱼属
黄蝴蝶鱼,南扉暗沙,5,Chaetodon xanthurus,辐鳍鱼纲,鲈形目,Perciformes,蝴蝶鱼科,Chaetodontidae,蝴蝶鱼属
黄蝴蝶鱼,七连屿,5,Chaetodon xanthurus,辐鳍鱼纲,鲈形目,Perciformes,蝴蝶鱼科,Chaetodontidae,蝴蝶鱼属
黄蝴蝶鱼,永乐环礁,8,Chaetodon xanthurus,辐鳍鱼纲,鲈形目,Perciformes,蝴蝶鱼科,Chaetodontidae,蝴蝶鱼属
黄蝴蝶鱼,永暑礁北沙洲,7,Chaetodon xanthurus,辐鳍鱼纲,鲈形目,Perciformes,蝴蝶鱼科,Chaetodontidae,蝴蝶鱼属
蓝黄梅鲷,美济礁,65,Caesio teres,辐鳍鱼纲,鲈形目,Perciformes,梅鲷科,Caesionidae,梅鲷属
黄镊口鱼,漫步暗沙,2,Forcipiger flavissimus,辐鳍鱼纲,鲈形目,Perciformes,蝴蝶鱼科,Chaetodontidae,镊口鱼属
黄镊口鱼,美济礁,43,Forcipiger flavissimus,辐鳍鱼纲,鲈形目,Perciformes,蝴蝶鱼科,Chaetodontidae,镊口鱼属
黄鳍多棘鳞鲀,漫步暗沙,8,Sufflamen chrysopterus,辐鳍鱼纲,鲀形目,Tetraodontiformes,鳞鲀科,Balistidae,多棘鳞鲀属
黄鳍多棘鳞鲀,美济礁,3,Sufflamen chrysopterus,辐鳍鱼纲,鲀形目,Tetraodontiformes,鳞鲀科,Balistidae,多棘鳞鲀属
黄鳍多棘鳞鲀,南扉暗沙,7,Sufflamen chrysopterus,辐鳍鱼纲,鲀形目,Tetraodontiformes,鳞鲀科,Balistidae,多棘鳞鲀属
黄鳍多棘鳞鲀,七连屿,21,Sufflamen chrysopterus,辐鳍鱼纲,鲀形目,Tetraodontiformes,鳞鲀科,Balistidae,多棘鳞鲀属
黄鳍多棘鳞鲀,永乐环礁,4,Sufflamen chrysopterus,辐鳍鱼纲,鲀形目,Tetraodontiformes,鳞鲀科,Balistidae,多棘鳞鲀属
黄鳍多棘鳞鲀,永暑礁北沙洲,10,Sufflamen chrysopterus,辐鳍鱼纲,鲀形目,Tetraodontiformes,鳞鲀科,Balistidae,多棘鳞鲀属
黄尾刺尾鱼,美济礁,233,Acanthurus thompsoni,辐鳍鱼纲,鲈形目,Perciformes,刺尾鱼科,Acanthuridae,刺尾鱼属
黄尾刺尾鱼,南扉暗沙,2,Acanthurus thompsoni,辐鳍鱼纲,鲈形目,Perciformes,刺尾鱼科,Acanthuridae,刺尾鱼属
黄尾刺尾鱼,永暑礁北沙洲,12,Acanthurus thompsoni,辐鳍鱼纲,鲈形目,Perciformes,刺尾鱼科,Acanthuridae,刺尾鱼属
黄尾光鳃鱼,美济礁,7,Chromis xanthurus,辐鳍鱼纲,鲈形目,Perciformes,雀鲷科,Pomacentridae,光鳃鱼属
黄翼刺尾鱼,美济礁,312,Acanthurus xanthopterus,辐鳍鱼纲,鲈形目,Perciformes,刺尾鱼科,Acanthuridae,刺尾鱼属
灰鳍异大眼鲷,七连屿,1,Heteropriacanthus cruentatus,辐鳍鱼纲,鲈形目,Perciformes,大眼鲷科,Priacanthidae,大眼鲷属
姬拟唇鱼,漫步暗沙,3,Pseudocheilinus evanidus,辐鳍鱼纲,鲈形目,Perciformes,隆头鱼科,Labridae,拟唇鱼属
姬拟唇鱼,美济礁,28,Pseudocheilinus evanidus,辐鳍鱼纲,鲈形目,Perciformes,隆头鱼科,Labridae,拟唇鱼属
姬拟唇鱼,南扉暗沙,11,Pseudocheilinus evanidus,辐鳍鱼纲,鲈形目,Perciformes,隆头鱼科,Labridae,拟唇鱼属
姬拟唇鱼,永暑礁北沙洲,9,Pseudocheilinus evanidus,辐鳍鱼纲,鲈形目,Perciformes,隆头鱼科,Labridae,拟唇鱼属
棘尾前孔鲀,漫步暗沙,2,Cantherhines dumerilii,辐鳍鱼纲,鲀形目,Tetraodontiformes,单角鲀科,Monacanthidae,前孔鲀属
棘尾前孔鲀,美济礁,6,Cantherhines dumerilii,辐鳍鱼纲,鲀形目,Tetraodontiformes,单角鲀科,Monacanthidae,前孔鲀属
棘尾前孔鲀,永暑礁北沙洲,2,Cantherhines dumerilii,辐鳍鱼纲,鲀形目,Tetraodontiformes,单角鲀科,Monacanthidae,前孔鲀属
颊鳞雀鲷,永暑礁北沙洲,3,Pomacentrus lepidogenys,辐鳍鱼纲,鲈形目,Perciformes,雀鲷科,Pomacentridae,雀鲷属
颊纹圣天竺鲷,永暑礁北沙洲,1,Nectamia bandanensis,辐鳍鱼纲,鲈形目,Perciformes,天竺鲷科,Apogonidae,圣天竺鲷属
颊吻鼻鱼,漫步暗沙,1,Naso lituratus,辐鳍鱼纲,鲈形目,Perciformes,刺尾鱼科,Acanthuridae,鼻鱼属
颊吻鼻鱼,美济礁,225,Naso lituratus,辐鳍鱼纲,鲈形目,Perciformes,刺尾鱼科,Acanthuridae,鼻鱼属
颊吻鼻鱼,南扉暗沙,7,Naso lituratus,辐鳍鱼纲,鲈形目,Perciformes,刺尾鱼科,Acanthuridae,鼻鱼属
颊吻鼻鱼,七连屿,53,Naso lituratus,辐鳍鱼纲,鲈形目,Perciformes,刺尾鱼科,Acanthuridae,鼻鱼属
颊吻鼻鱼,永乐环礁,35,Naso lituratus,辐鳍鱼纲,鲈形目,Perciformes,刺尾鱼科,Acanthuridae,鼻鱼属
颊吻鼻鱼,永暑礁北沙洲,216,Naso lituratus,辐鳍鱼纲,鲈形目,Perciformes,刺尾鱼科,Acanthuridae,鼻鱼属
尖头唇鱼,永暑礁北沙洲,2,Cheilinus oxycephalus,辐鳍鱼纲,鲈形目,Perciformes,隆头鱼科,Labridae,唇鱼属
尖吻棘鳞鱼,七连屿,2,Sargocentron spiniferum,辐鳍鱼纲,金眼鲷目,Beryciformes,鳂科,Holocentridae,棘鳞鱼属
尖吻棘鳞鱼,永暑礁北沙洲,1,Sargocentron spiniferum,辐鳍鱼纲,金眼鲷目,Beryciformes,鳂科,Holocentridae,棘鳞鱼属
尖吻鲀,美济礁,9,Oxymonacanthus longirostris,辐鳍鱼纲,鲀形目,Tetraodontiformes,鲀科,Tetraodontidae,尖吻鲀属
缰纹多棘鳞鲀,美济礁,4,Sufflamen fraenatus,辐鳍鱼纲,鲀形目,Tetraodontiformes,鳞鲀科,Balistidae,多棘鳞鲀属
缰纹多棘鳞鲀,南扉暗沙,2,Sufflamen fraenatus,辐鳍鱼纲,鲀形目,Tetraodontiformes,鳞鲀科,Balistidae,多棘鳞鲀属
焦黄笛鲷,永暑礁北沙洲,3,Lutjanus fulvus,辐鳍鱼纲,鲈形目,Perciformes,笛鲷科,Lutjanidae,笛鲷属
截尾鹦嘴鱼,七连屿,2,Scarus rivulatus,辐鳍鱼纲,鲈形目,Perciformes,鹦嘴鱼科,Scaridae,鹦嘴鱼属
截尾鹦嘴鱼,永暑礁北沙洲,4,Scarus rivulatus,辐鳍鱼纲,鲈形目,Perciformes,鹦嘴鱼科,Scaridae,鹦嘴鱼属
截尾栉齿刺尾鱼,美济礁,9,Ctenochaetus truncatus,辐鳍鱼纲,鲈形目,Perciformes,刺尾鱼科,Acanthuridae,栉齿刺尾鱼属
金凹牙豆娘鱼,美济礁,15,Amblyglyphidodon aureus,辐鳍鱼纲,鲈形目,Perciformes,雀鲷科,Pomacentridae,凹牙豆娘鱼属
金凹牙豆娘鱼,永暑礁北沙洲,2,Amblyglyphidodon aureus,辐鳍鱼纲,鲈形目,Perciformes,雀鲷科,Pomacentridae,凹牙豆娘鱼属
金边黄鳞鲀,南扉暗沙,93,Xanthichthys auromarginatus,辐鳍鱼纲,鲀形目,Tetraodontiformes,鳞鲀科,Balistidae,黄鳞鲀属
金边黄鳞鲀,永暑礁北沙洲,159,Xanthichthys auromarginatus,辐鳍鱼纲,鲀形目,Tetraodontiformes,鳞鲀科,Balistidae,黄鳞鲀属
金带齿颌鲷,美济礁,285,Gnathodentex aurolineatus,辐鳍鱼纲,鲈形目,Perciformes,裸颊鲷科,Lethrinidae,齿颌鲷属
金带齿颌鲷,南扉暗沙,2,Gnathodentex aurolineatus,辐鳍鱼纲,鲈形目,Perciformes,裸颊鲷科,Lethrinidae,齿颌鲷属
金带齿颌鲷,七连屿,15,Gnathodentex aurolineatus,辐鳍鱼纲,鲈形目,Perciformes,裸颊鲷科,Lethrinidae,齿颌鲷属
金带齿颌鲷,永乐环礁,7,Gnathodentex aurolineatus,辐鳍鱼纲,鲈形目,Perciformes,裸颊鲷科,Lethrinidae,齿颌鲷属
金带齿颌鲷,永暑礁北沙洲,738,Gnathodentex aurolineatus,辐鳍鱼纲,鲈形目,Perciformes,裸颊鲷科,Lethrinidae,齿颌鲷属
金口马夫鱼,美济礁,26,Heniochus chrysostomus,辐鳍鱼纲,鲈形目,Perciformes,蝴蝶鱼科,Chaetodontidae,马夫鱼属
金口马夫鱼,永暑礁北沙洲,1,Heniochus chrysostomus,辐鳍鱼纲,鲈形目,Perciformes,蝴蝶鱼科,Chaetodontidae,马夫鱼属
金鳍稀棘鳚,美济礁,11,Meiacanthus atrodorsalis,辐鳍鱼纲,鲈形目,Perciformes,鳚科,Soleidae,稀棘鳚属
金鳍稀棘鳚,七连屿,1,Meiacanthus atrodorsalis,辐鳍鱼纲,鲈形目,Perciformes,鳚科,Soleidae,稀棘鳚属
金鳍稀棘鳚,永暑礁北沙洲,1,Meiacanthus atrodorsalis,辐鳍鱼纲,鲈形目,Perciformes,鳚科,Soleidae,稀棘鳚属
金色海猪鱼,美济礁,4,Halichoeres chrysus,辐鳍鱼纲,鲈形目,Perciformes,隆头鱼科,Labridae,海猪鱼属
金色海猪鱼,七连屿,1,Halichoeres chrysus,辐鳍鱼纲,鲈形目,Perciformes,隆头鱼科,Labridae,海猪鱼属
金色海猪鱼,永乐环礁,1,Halichoeres chrysus,辐鳍鱼纲,鲈形目,Perciformes,隆头鱼科,Labridae,海猪鱼属
金头金翅雀鲷,美济礁,53,Chrysiptera chrysocephala,辐鳍鱼纲,鲈形目,Perciformes,雀鲷科,Pomacentridae,金翅雀鲷属
金头金翅雀鲷,七连屿,17,Chrysiptera chrysocephala,辐鳍鱼纲,鲈形目,Perciformes,雀鲷科,Pomacentridae,金翅雀鲷属
金头金翅雀鲷,永暑礁北沙洲,4,Chrysiptera chrysocephala,辐鳍鱼纲,鲈形目,Perciformes,雀鲷科,Pomacentridae,金翅雀鲷属
项带多棘鳞鲀,美济礁,1,Sufflamen bursa,辐鳍鱼纲,鲀形目,Tetraodontiformes,鳞鲀科,Balistidae,多棘鳞鲀属
镜斑蝴蝶鱼,漫步暗沙,1,Chaetodon speculum,辐鳍鱼纲,鲈形目,Perciformes,蝴蝶鱼科,Chaetodontidae,蝴蝶鱼属
镜斑蝴蝶鱼,美济礁,17,Chaetodon speculum,辐鳍鱼纲,鲈形目,Perciformes,蝴蝶鱼科,Chaetodontidae,蝴蝶鱼属
巨牙天竺鲷,美济礁,1,Cheilodipterus macrodon,辐鳍鱼纲,鲈形目,Perciformes,天竺鲷科,Apogonidae,巨牙天竺鲷属
锯尾副革鲀,七连屿,1,Paraluteres prionurus,辐鳍鱼纲,鲀形目,Tetraodontiformes,单角鲀科,Monacanthidae,副革鲀属
康德锯鳞鱼,美济礁,27,Myripristis kuntee,辐鳍鱼纲,金眼鲷目,Beryciformes,鳂科,Holocentridae,锯鳞鱼属
康德锯鳞鱼,七连屿,1,Myripristis kuntee,辐鳍鱼纲,金眼鲷目,Beryciformes,鳂科,Holocentridae,锯鳞鱼属
康德锯鳞鱼,永暑礁北沙洲,24,Myripristis kuntee,辐鳍鱼纲,金眼鲷目,Beryciformes,鳂科,Holocentridae,锯鳞鱼属
克氏双锯鱼,漫步暗沙,1,Amphiprion clarkii,辐鳍鱼纲,鲈形目,Perciformes,雀鲷科,Pomacentridae,双锯鱼属
克氏双锯鱼,美济礁,7,Amphiprion clarkii,辐鳍鱼纲,鲈形目,Perciformes,雀鲷科,Pomacentridae,双锯鱼属
克氏双锯鱼,永乐环礁,2,Amphiprion clarkii,辐鳍鱼纲,鲈形目,Perciformes,雀鲷科,Pomacentridae,双锯鱼属
克氏双锯鱼,永暑礁北沙洲,22,Amphiprion clarkii,辐鳍鱼纲,鲈形目,Perciformes,雀鲷科,Pomacentridae,双锯鱼属
克氏新箭齿雀鲷,美济礁,2,Neoglyphidodon crossi,辐鳍鱼纲,鲈形目,Perciformes,雀鲷科,Pomacentridae,新箭齿雀鲷属
克氏新箭齿雀鲷,永暑礁北沙洲,28,Neoglyphidodon crossi,辐鳍鱼纲,鲈形目,Perciformes,雀鲷科,Pomacentridae,新箭齿雀鲷属
孔雀雀鲷,美济礁,21,Pomacentrus pavo,辐鳍鱼纲,鲈形目,Perciformes,雀鲷科,Pomacentridae,雀鲷属
孔雀雀鲷,七连屿,3,Pomacentrus pavo,辐鳍鱼纲,鲈形目,Perciformes,雀鲷科,Pomacentridae,雀鲷属
库拉索凹牙豆娘鱼,美济礁,68,Amblyglyphidodon curacao,辐鳍鱼纲,鲈形目,Perciformes,雀鲷科,Pomacentridae,凹牙豆娘鱼属
蜡黄前孔鲀,美济礁,1,Cantherhines cerinus,辐鳍鱼纲,鲀形目,Tetraodontiformes,单角鲀科,Monacanthidae,前孔鲀属
蓝短鳍笛鲷,漫步暗沙,13,Aprion virescens,辐鳍鱼纲,鲈形目,Perciformes,笛鲷科,Lutjanidae,短鳍笛鲷属
蓝黄梅鲷,美济礁,65,Caesio teres,辐鳍鱼纲,鲈形目,Perciformes,梅鲷科,Caesionidae,梅鲷属
蓝绿光鳃鱼,美济礁,858,Chromis viridis,辐鳍鱼纲,鲈形目,Perciformes,雀鲷科,Pomacentridae,光鳃鱼属
蓝身丝隆头鱼,美济礁,1,Cirrhilabrus cyanopleura,辐鳍鱼纲,鲈形目,Perciformes,隆头鱼科,Labridae,丝隆头鱼属
蓝身丝隆头鱼,南扉暗沙,5,Cirrhilabrus cyanopleura,辐鳍鱼纲,鲈形目,Perciformes,隆头鱼科,Labridae,丝隆头鱼属
蓝身丝隆头鱼,永暑礁北沙洲,52,Cirrhilabrus cyanopleura,辐鳍鱼纲,鲈形目,Perciformes,隆头鱼科,Labridae,丝隆头鱼属
榄斑眶棘鲈,永暑礁北沙洲,4,Scolopsis xenochrous,辐鳍鱼纲,鲈形目,Perciformes,金线鱼科,Nemipteridae,眶棘鲈属
镰鱼,漫步暗沙,18,Zanclus cornutus,辐鳍鱼纲,鲈形目,Perciformes,镰鱼科,Zanclidae,镰鱼属
镰鱼,美济礁,281,Zanclus cornutus,辐鳍鱼纲,鲈形目,Perciformes,镰鱼科,Zanclidae,镰鱼属
镰鱼,南扉暗沙,14,Zanclus cornutus,辐鳍鱼纲,鲈形目,Perciformes,镰鱼科,Zanclidae,镰鱼属
镰鱼,七连屿,34,Zanclus cornutus,辐鳍鱼纲,鲈形目,Perciformes,镰鱼科,Zanclidae,镰鱼属
镰鱼,永乐环礁,62,Zanclus cornutus,辐鳍鱼纲,鲈形目,Perciformes,镰鱼科,Zanclidae,镰鱼属
镰鱼,永暑礁北沙洲,66,Zanclus cornutus,辐鳍鱼纲,鲈形目,Perciformes,镰鱼科,Zanclidae,镰鱼属
裂唇鱼,漫步暗沙,8,Labroides dimidiatus,辐鳍鱼纲,鲈形目,Perciformes,隆头鱼科,Labridae,裂唇鱼属
裂唇鱼,美济礁,299,Labroides dimidiatus,辐鳍鱼纲,鲈形目,Perciformes,隆头鱼科,Labridae,裂唇鱼属
裂唇鱼,南扉暗沙,13,Labroides dimidiatus,辐鳍鱼纲,鲈形目,Perciformes,隆头鱼科,Labridae,裂唇鱼属
裂唇鱼,七连屿,86,Labroides dimidiatus,辐鳍鱼纲,鲈形目,Perciformes,隆头鱼科,Labridae,裂唇鱼属
裂唇鱼,永乐环礁,3,Labroides dimidiatus,辐鳍鱼纲,鲈形目,Perciformes,隆头鱼科,Labridae,裂唇鱼属
裂唇鱼,永暑礁北沙洲,233,Labroides dimidiatus,辐鳍鱼纲,鲈形目,Perciformes,隆头鱼科,Labridae,裂唇鱼属
六斑九棘鲈,七连屿,1,Cephalopholis sexmaculata,辐鳍鱼纲,鲈形目,Perciformes,鮨科,Serranidae,九棘鲈属
六带拟唇鱼,漫步暗沙,6,Pseudocheilinus hexataenia,辐鳍鱼纲,鲈形目,Perciformes,隆头鱼科,Labridae,拟唇鱼属
六带拟唇鱼,美济礁,47,Pseudocheilinus hexataenia,辐鳍鱼纲,鲈形目,Perciformes,隆头鱼科,Labridae,拟唇鱼属
六带拟唇鱼,南扉暗沙,4,Pseudocheilinus hexataenia,辐鳍鱼纲,鲈形目,Perciformes,隆头鱼科,Labridae,拟唇鱼属
六带拟唇鱼,七连屿,17,Pseudocheilinus hexataenia,辐鳍鱼纲,鲈形目,Perciformes,隆头鱼科,Labridae,拟唇鱼属
六带拟唇鱼,永乐环礁,1,Pseudocheilinus hexataenia,辐鳍鱼纲,鲈形目,Perciformes,隆头鱼科,Labridae,拟唇鱼属
六带拟唇鱼,永暑礁北沙洲,8,Pseudocheilinus hexataenia,辐鳍鱼纲,鲈形目,Perciformes,隆头鱼科,Labridae,拟唇鱼属
六棘鼻鱼,南扉暗沙,5,Naso hexacanthus,辐鳍鱼纲,鲈形目,Perciformes,刺尾鱼科,Acanthuridae,鼻鱼属
六棘鼻鱼,永暑礁北沙洲,4,Naso hexacanthus,辐鳍鱼纲,鲈形目,Perciformes,刺尾鱼科,Acanthuridae,鼻鱼属
六角石斑鱼,永暑礁北沙洲,4,Epinephelus hexagonatus,辐鳍鱼纲,鲈形目,Perciformes,鮨科,Serranidae,石斑鱼属
六睛拟鲈,美济礁,1,Parapercis hexophtalma,辐鳍鱼纲,鲈形目,Perciformes,拟鲈科,Pinguipedidae,拟鲈属
六睛拟鲈,七连屿,3,Parapercis hexophtalma,辐鳍鱼纲,鲈形目,Perciformes,拟鲈科,Pinguipedidae,拟鲈属
六睛拟鲈,永暑礁北沙洲,1,Parapercis hexophtalma,辐鳍鱼纲,鲈形目,Perciformes,拟鲈科,Pinguipedidae,拟鲈属
隆背笛鲷,美济礁,541,Lutjanus gibbus,辐鳍鱼纲,鲈形目,Perciformes,笛鲷科,Lutjanidae,笛鲷属
隆背笛鲷,永暑礁北沙洲,27,Lutjanus gibbus,辐鳍鱼纲,鲈形目,Perciformes,笛鲷科,Lutjanidae,笛鲷属
露珠盔鱼,七连屿,4,Coris gaimard,辐鳍鱼纲,鲈形目,Perciformes,隆头鱼科,Labridae,盔鱼属
露珠盔鱼,永暑礁北沙洲,10,Coris gaimard,辐鳍鱼纲,鲈形目,Perciformes,隆头鱼科,Labridae,盔鱼属
卵形光鳃鱼,美济礁,277,Chromis ovatiformis,辐鳍鱼纲,鲈形目,Perciformes,雀鲷科,Pomacentridae,光鳃鱼属
卵形光鳃鱼,永暑礁北沙洲,27,Chromis ovatiformis,辐鳍鱼纲,鲈形目,Perciformes,雀鲷科,Pomacentridae,光鳃鱼属
裸狐鲣,美济礁,2,Gymnosarda unicolor,辐鳍鱼纲,鲈形目,Perciformes,鲭科,Scombridae,鮀鲣属
绿唇鹦嘴鱼,漫步暗沙,43,Scarus forsteni,辐鳍鱼纲,鲈形目,Perciformes,鹦嘴鱼科,Scaridae,鹦嘴鱼属
绿唇鹦嘴鱼,美济礁,113,Scarus forsteni,辐鳍鱼纲,鲈形目,Perciformes,鹦嘴鱼科,Scaridae,鹦嘴鱼属
绿唇鹦嘴鱼,南扉暗沙,76,Scarus forsteni,辐鳍鱼纲,鲈形目,Perciformes,鹦嘴鱼科,Scaridae,鹦嘴鱼属
绿唇鹦嘴鱼,七连屿,42,Scarus forsteni,辐鳍鱼纲,鲈形目,Perciformes,鹦嘴鱼科,Scaridae,鹦嘴鱼属
绿唇鹦嘴鱼,永乐环礁,34,Scarus forsteni,辐鳍鱼纲,鲈形目,Perciformes,鹦嘴鱼科,Scaridae,鹦嘴鱼属
绿唇鹦嘴鱼,永暑礁北沙洲,359,Scarus forsteni,辐鳍鱼纲,鲈形目,Perciformes,鹦嘴鱼科,Scaridae,鹦嘴鱼属
绿唇鹦嘴鱼,美济礁,1,Scarus forsteni,辐鳍鱼纲,鲈形目,Perciformes,鹦嘴鱼科,Scaridae,鹦嘴鱼属
绿光鳃鱼,美济礁,1,Chromis atripectoralis,辐鳍鱼纲,鲈形目,Perciformes,雀鲷科,Pomacentridae,光鳃鱼属
马夫鱼,美济礁,6,Heniochus acuminatus,辐鳍鱼纲,鲈形目,Perciformes,蝴蝶鱼科,Chaetodontidae,马夫鱼属
马夫鱼,永暑礁北沙洲,6,Heniochus acuminatus,辐鳍鱼纲,鲈形目,Perciformes,蝴蝶鱼科,Chaetodontidae,马夫鱼属
密点蝴蝶鱼,美济礁,1,Chaetodon citrinellus,辐鳍鱼纲,鲈形目,Perciformes,蝴蝶鱼科,Chaetodontidae,蝴蝶鱼属
密点蝴蝶鱼,永暑礁北沙洲,2,Chaetodon citrinellus,辐鳍鱼纲,鲈形目,Perciformes,蝴蝶鱼科,Chaetodontidae,蝴蝶鱼属
密鳃雀鲷,美济礁,1,Hemiglyphidodon plagiometopon,辐鳍鱼纲,鲈形目,Perciformes,雀鲷科,Pomacentridae,密鳃鱼属
密鳃雀鲷,永暑礁北沙洲,217,Hemiglyphidodon plagiometopon,辐鳍鱼纲,鲈形目,Perciformes,雀鲷科,Pomacentridae,密鳃鱼属
摩鹿加拟凿牙鱼,七连屿,1,Pseudodax moluccanus,辐鳍鱼纲,鲈形目,Perciformes,隆头鱼科,Labridae,拟凿牙鱼属
摩鹿加雀鲷,美济礁,4,Pomacentrus moluccensis,辐鳍鱼纲,鲈形目,Perciformes,雀鲷科,Pomacentridae,金翅雀鲷属
霓虹雀鲷,漫步暗沙,508,Pomacentrus coelestis,辐鳍鱼纲,鲈形目,Perciformes,雀鲷科,Pomacentridae,雀鲷属
霓虹雀鲷,美济礁,26,Pomacentrus coelestis,辐鳍鱼纲,鲈形目,Perciformes,雀鲷科,Pomacentridae,雀鲷属
霓虹雀鲷,南扉暗沙,192,Pomacentrus coelestis,辐鳍鱼纲,鲈形目,Perciformes,雀鲷科,Pomacentridae,雀鲷属
霓虹雀鲷,七连屿,73,Pomacentrus coelestis,辐鳍鱼纲,鲈形目,Perciformes,雀鲷科,Pomacentridae,雀鲷属
霓虹雀鲷,永暑礁北沙洲,19,Pomacentrus coelestis,辐鳍鱼纲,鲈形目,Perciformes,雀鲷科,Pomacentridae,雀鲷属
拟绿鹦嘴鱼,漫步暗沙,1,Chlorurus capistratoides,辐鳍鱼纲,鲈形目,Perciformes,鹦嘴鱼科,Scaridae,绿鹦嘴鱼属
拟绿鹦嘴鱼,美济礁,18,Chlorurus capistratoides,辐鳍鱼纲,鲈形目,Perciformes,鹦嘴鱼科,Scaridae,绿鹦嘴鱼属
拟绿鹦嘴鱼,永乐环礁,15,Chlorurus capistratoides,辐鳍鱼纲,鲈形目,Perciformes,鹦嘴鱼科,Scaridae,绿鹦嘴鱼属
拟绿鹦嘴鱼,永暑礁北沙洲,21,Chlorurus capistratoides,辐鳍鱼纲,鲈形目,Perciformes,鹦嘴鱼科,Scaridae,绿鹦嘴鱼属
漂游珊瑚虾虎鱼,美济礁,1,Bryaninops natans,辐鳍鱼纲,鲈形目,Perciformes,虾虎鱼科,Gobiidae,珊瑚虾虎鱼属
青斑阿南鱼,南扉暗沙,3,Anampses caeruleopunctatus,辐鳍鱼纲,鲈形目,Perciformes,隆头鱼科,Labridae,阿南鱼属
青斑阿南鱼,永暑礁北沙洲,1,Anampses caeruleopunctatus,辐鳍鱼纲,鲈形目,Perciformes,隆头鱼科,Labridae,阿南鱼属
青唇栉齿刺尾鱼,七连屿,5,Ctenochaetus cyanocheilus,辐鳍鱼纲,鲈形目,Perciformes,刺尾鱼科,Acanthuridae,栉齿刺尾鱼属
青唇栉齿刺尾鱼,永暑礁北沙洲,9,Ctenochaetus cyanocheilus,辐鳍鱼纲,鲈形目,Perciformes,刺尾鱼科,Acanthuridae,栉齿刺尾鱼属
青鲸鹦嘴鱼,美济礁,1,Cetoscarus bicolor,辐鳍鱼纲,鲈形目,Perciformes,鹦嘴鱼科,Scaridae,鲸鹦嘴鱼属
犬牙锥齿鲷,美济礁,2,Pentapodus caninus,辐鳍鱼纲,鲈形目,Perciformes,金线鱼科,Nemipteridae,锥齿鲷属
日本刺尾鱼,美济礁,1158,Acanthurus japonicus,辐鳍鱼纲,鲈形目,Perciformes,刺尾鱼科,Acanthuridae,刺尾鱼属
日本刺尾鱼,七连屿,72,Acanthurus japonicus,辐鳍鱼纲,鲈形目,Perciformes,刺尾鱼科,Acanthuridae,刺尾鱼属
日本刺尾鱼,永乐环礁,249,Acanthurus japonicus,辐鳍鱼纲,鲈形目,Perciformes,刺尾鱼科,Acanthuridae,刺尾鱼属
日本刺尾鱼,永暑礁北沙洲,731,Acanthurus japonicus,辐鳍鱼纲,鲈形目,Perciformes,刺尾鱼科,Acanthuridae,刺尾鱼属
鳃斑盔鱼,永暑礁北沙洲,1,Coris aygula,辐鳍鱼纲,鲈形目,Perciformes,隆头鱼科,Labridae,盔鱼属
三斑海猪鱼,美济礁,4,Halichoeres trimaculatus,辐鳍鱼纲,鲈形目,Perciformes,隆头鱼科,Labridae,海猪鱼属
三斑海猪鱼,永暑礁北沙洲,15,Halichoeres trimaculatus,辐鳍鱼纲,鲈形目,Perciformes,隆头鱼科,Labridae,海猪鱼属
三斑宅泥鱼,美济礁,33,Dascyllus trimaculatus,辐鳍鱼纲,鲈形目,Perciformes,雀鲷科,Pomacentridae,宅泥鱼属
三斑宅泥鱼,七连屿,139,Dascyllus trimaculatus,辐鳍鱼纲,鲈形目,Perciformes,雀鲷科,Pomacentridae,宅泥鱼属
三斑宅泥鱼,永乐环礁,100,Dascyllus trimaculatus,辐鳍鱼纲,鲈形目,Perciformes,雀鲷科,Pomacentridae,宅泥鱼属
三斑宅泥鱼,永暑礁北沙洲,18,Dascyllus trimaculatus,辐鳍鱼纲,鲈形目,Perciformes,雀鲷科,Pomacentridae,宅泥鱼属
三带蝴蝶鱼,美济礁,2,Chaetodon trifasciatus,辐鳍鱼纲,鲈形目,Perciformes,蝴蝶鱼科,Chaetodontidae,蝴蝶鱼属
三带眶棘鲈,美济礁,1,Scolopsis trilineata,辐鳍鱼纲,鲈形目,Perciformes,金线鱼科,Nemipteridae,眶棘鲈属
三色鹦嘴鱼,永暑礁北沙洲,2,Scarus tricolor,辐鳍鱼纲,鲈形目,Perciformes,鹦嘴鱼科,Scaridae,鹦嘴鱼属
三纹蝴蝶鱼,漫步暗沙,11,Chaetodon trifascialis,辐鳍鱼纲,鲈形目,Perciformes,蝴蝶鱼科,Chaetodontidae,蝴蝶鱼属
三纹蝴蝶鱼,七连屿,2,Chaetodon trifascialis,辐鳍鱼纲,鲈形目,Perciformes,蝴蝶鱼科,Chaetodontidae,蝴蝶鱼属
三纹蝴蝶鱼,永暑礁北沙洲,6,Chaetodon trifascialis,辐鳍鱼纲,鲈形目,Perciformes,蝴蝶鱼科,Chaetodontidae,蝴蝶鱼属
三叶唇鱼,七连屿,2,Cheilinus trilobatus,辐鳍鱼纲,鲈形目,Perciformes,隆头鱼科,Labridae,唇鱼属
三叶唇鱼,永乐环礁,1,Cheilinus trilobatus,辐鳍鱼纲,鲈形目,Perciformes,隆头鱼科,Labridae,唇鱼属
三叶唇鱼,永暑礁北沙洲,7,Cheilinus trilobatus,辐鳍鱼纲,鲈形目,Perciformes,隆头鱼科,Labridae,唇鱼属
莎姆新东洋鳂,美济礁,14,Neoniphon sammara,辐鳍鱼纲,金眼鲷目,Beryciformes,鳂科,Holocentridae,新东洋鳂属
莎姆新东洋鳂,七连屿,1,Neoniphon sammara,辐鳍鱼纲,金眼鲷目,Beryciformes,鳂科,Holocentridae,新东洋鳂属
莎姆新东洋鳂,永乐环礁,1,Neoniphon sammara,辐鳍鱼纲,金眼鲷目,Beryciformes,鳂科,Holocentridae,新东洋鳂属
莎姆新东洋鳂,永暑礁北沙洲,12,Neoniphon sammara,辐鳍鱼纲,金眼鲷目,Beryciformes,鳂科,Holocentridae,新东洋鳂属
射狗母鱼,永暑礁北沙洲,1,Synodus jaculum,辐鳍鱼纲,仙鱼目,Aulopiformes,狗母鱼科,Synodontidae,狗母鱼属
伸口鱼,美济礁,54,Epibulus insidiator,辐鳍鱼纲,鲈形目,Perciformes,隆头鱼科,Labridae,伸口鱼属
伸口鱼,七连屿,3,Epibulus insidiator,辐鳍鱼纲,鲈形目,Perciformes,隆头鱼科,Labridae,伸口鱼属
伸口鱼,永乐环礁,14,Epibulus insidiator,辐鳍鱼纲,鲈形目,Perciformes,隆头鱼科,Labridae,伸口鱼属
伸口鱼,永暑礁北沙洲,58,Epibulus insidiator,辐鳍鱼纲,鲈形目,Perciformes,隆头鱼科,Labridae,伸口鱼属
似花普提鱼,美济礁,7,Bodianus anthioides,辐鳍鱼纲,鲈形目,Perciformes,隆头鱼科,Labridae,普提鱼属
双斑光鳃鱼,漫步暗沙,9,Chromis margaritifer,辐鳍鱼纲,鲈形目,Perciformes,雀鲷科,Pomacentridae,光鳃鱼属
双斑光鳃鱼,美济礁,2837,Chromis margaritifer,辐鳍鱼纲,鲈形目,Perciformes,雀鲷科,Pomacentridae,光鳃鱼属
双斑光鳃鱼,南扉暗沙,79,Chromis margaritifer,辐鳍鱼纲,鲈形目,Perciformes,雀鲷科,Pomacentridae,光鳃鱼属
双斑光鳃鱼,七连屿,1042,Chromis margaritifer,辐鳍鱼纲,鲈形目,Perciformes,雀鲷科,Pomacentridae,光鳃鱼属
双斑光鳃鱼,永乐环礁,72,Chromis margaritifer,辐鳍鱼纲,鲈形目,Perciformes,雀鲷科,Pomacentridae,光鳃鱼属
双斑光鳃鱼,永暑礁北沙洲,372,Chromis margaritifer,辐鳍鱼纲,鲈形目,Perciformes,雀鲷科,Pomacentridae,光鳃鱼属
双斑尖唇鱼,漫步暗沙,1,Oxycheilinus bimaculatus,辐鳍鱼纲,鲈形目,Perciformes,隆头鱼科,Labridae,尖唇鱼属
双斑尖唇鱼,七连屿,1,Oxycheilinus bimaculatus,辐鳍鱼纲,鲈形目,Perciformes,隆头鱼科,Labridae,尖唇鱼属
双斑栉齿刺尾鱼,漫步暗沙,4,Ctenochaetus binotatus,辐鳍鱼纲,鲈形目,Perciformes,刺尾鱼科,Acanthuridae,栉齿刺尾鱼属
双斑栉齿刺尾鱼,七连屿,1,Ctenochaetus binotatus,辐鳍鱼纲,鲈形目,Perciformes,刺尾鱼科,Acanthuridae,栉齿刺尾鱼属
双斑栉齿刺尾鱼,永暑礁北沙洲,39,Ctenochaetus binotatus,辐鳍鱼纲,鲈形目,Perciformes,刺尾鱼科,Acanthuridae,栉齿刺尾鱼属
双带眶棘鲈,美济礁,2,Scolopsis bilineata,辐鳍鱼纲,鲈形目,Perciformes,金线鱼科,Nemipteridae,眶棘鲈属
双带眶棘鲈,永暑礁北沙洲,13,Scolopsis bilineata,辐鳍鱼纲,鲈形目,Perciformes,金线鱼科,Nemipteridae,眶棘鲈属
双带普提鱼,美济礁,1,Bodianus bilunulatus,辐鳍鱼纲,鲈形目,Perciformes,隆头鱼科,Labridae,普提鱼属
双棘刺尻鱼,漫步暗沙,1,Centropyge bispinosus,辐鳍鱼纲,鲈形目,Perciformes,刺盖鱼科,Pomacanthidae,刺尻鱼属
双棘刺尻鱼,美济礁,3,Centropyge bispinosus,辐鳍鱼纲,鲈形目,Perciformes,刺盖鱼科,Pomacanthidae,刺尻鱼属
双棘刺尻鱼,南扉暗沙,2,Centropyge bispinosus,辐鳍鱼纲,鲈形目,Perciformes,刺盖鱼科,Pomacanthidae,刺尻鱼属
双棘刺尻鱼,永乐环礁,5,Centropyge bispinosus,辐鳍鱼纲,鲈形目,Perciformes,刺盖鱼科,Pomacanthidae,刺尻鱼属
双棘刺尻鱼,永暑礁北沙洲,7,Centropyge bispinosus,辐鳍鱼纲,鲈形目,Perciformes,刺盖鱼科,Pomacanthidae,刺尻鱼属
双棘甲尻鱼,美济礁,12,Pygoplites diacanthus,辐鳍鱼纲,鲈形目,Perciformes,刺盖鱼科,Pomacanthidae,甲尻鱼属
双棘甲尻鱼,南扉暗沙,2,Pygoplites diacanthus,辐鳍鱼纲,鲈形目,Perciformes,刺盖鱼科,Pomacanthidae,甲尻鱼属
双棘甲尻鱼,七连屿,1,Pygoplites diacanthus,辐鳍鱼纲,鲈形目,Perciformes,刺盖鱼科,Pomacanthidae,甲尻鱼属
双棘甲尻鱼,永乐环礁,6,Pygoplites diacanthus,辐鳍鱼纲,鲈形目,Perciformes,刺盖鱼科,Pomacanthidae,甲尻鱼属
双眼斑海猪鱼,美济礁,1,Halichoeres biocellatus,辐鳍鱼纲,鲈形目,Perciformes,隆头鱼科,Labridae,海猪鱼属
双色裂唇鱼,美济礁,45,Labroides bicolor,辐鳍鱼纲,鲈形目,Perciformes,隆头鱼科,Labridae,裂唇鱼属
双色裂唇鱼,南扉暗沙,1,Labroides bicolor,辐鳍鱼纲,鲈形目,Perciformes,隆头鱼科,Labridae,裂唇鱼属
双色裂唇鱼,七连屿,11,Labroides bicolor,辐鳍鱼纲,鲈形目,Perciformes,隆头鱼科,Labridae,裂唇鱼属
双色裂唇鱼,永乐环礁,3,Labroides bicolor,辐鳍鱼纲,鲈形目,Perciformes,隆头鱼科,Labridae,裂唇鱼属
双色裂唇鱼,永暑礁北沙洲,6,Labroides bicolor,辐鳍鱼纲,鲈形目,Perciformes,隆头鱼科,Labridae,裂唇鱼属
双眼斑海猪鱼,漫步暗沙,7,Halichoeres biocellatus,辐鳍鱼纲,鲈形目,Perciformes,隆头鱼科,Labridae,海猪鱼属
双眼斑海猪鱼,美济礁,3,Halichoeres biocellatus,辐鳍鱼纲,鲈形目,Perciformes,隆头鱼科,Labridae,海猪鱼属
双眼斑海猪鱼,南扉暗沙,24,Halichoeres biocellatus,辐鳍鱼纲,鲈形目,Perciformes,隆头鱼科,Labridae,海猪鱼属
双眼斑海猪鱼,七连屿,13,Halichoeres biocellatus,辐鳍鱼纲,鲈形目,Perciformes,隆头鱼科,Labridae,海猪鱼属
双眼斑海猪鱼,永乐环礁,3,Halichoeres biocellatus,辐鳍鱼纲,鲈形目,Perciformes,隆头鱼科,Labridae,海猪鱼属
双眼斑海猪鱼,永暑礁北沙洲,18,Halichoeres biocellatus,辐鳍鱼纲,鲈形目,Perciformes,隆头鱼科,Labridae,海猪鱼属
丝蝴蝶鱼,美济礁,40,Chaetodon auriga,辐鳍鱼纲,鲈形目,Perciformes,蝴蝶鱼科,Chaetodontidae,蝴蝶鱼属
丝蝴蝶鱼,七连屿,12,Chaetodon auriga,辐鳍鱼纲,鲈形目,Perciformes,蝴蝶鱼科,Chaetodontidae,蝴蝶鱼属
丝蝴蝶鱼,永暑礁北沙洲,9,Chaetodon auriga,辐鳍鱼纲,鲈形目,Perciformes,蝴蝶鱼科,Chaetodontidae,蝴蝶鱼属
丝条凡塘鳢,美济礁,5,Valenciennea strigata,辐鳍鱼纲,鲈形目,Perciformes,虾虎鱼科,Gobiidae,凡塘鳢属
丝条凡塘鳢,永暑礁北沙洲,41,Valenciennea strigata,辐鳍鱼纲,鲈形目,Perciformes,虾虎鱼科,Gobiidae,凡塘鳢属
斯氏似弱棘鱼,美济礁,1,Hoplolatilus starcki,辐鳍鱼纲,鲈形目,Perciformes,弱棘鱼科,Malacanthidae,凡塘鳢属
四斑拟鲈,美济礁,1,Parapercis clathrata,辐鳍鱼纲,鲈形目,Perciformes,拟鲈科,Pinguipedidae,拟鲈属
四斑拟鲈,永暑礁北沙洲,6,Parapercis clathrata,辐鳍鱼纲,鲈形目,Perciformes,拟鲈科,Pinguipedidae,拟鲈属
四线笛鲷,美济礁,7,Lutjanus kasmira,辐鳍鱼纲,鲈形目,Perciformes,笛鲷科,Lutjanidae,笛鲷属
四带马夫鱼,美济礁,2,Heniochus singularius,辐鳍鱼纲,鲈形目,Perciformes,蝴蝶鱼科,Chaetodontidae,马夫鱼属
四线笛鲷,美济礁,145,Lutjanus kasmira,辐鳍鱼纲,鲈形目,Perciformes,笛鲷科,Lutjanidae,笛鲷属
四线笛鲷,永暑礁北沙洲,483,Lutjanus kasmira,辐鳍鱼纲,鲈形目,Perciformes,笛鲷科,Lutjanidae,笛鲷属
特氏矶塘鳢,美济礁,1,Eviota teresae,辐鳍鱼纲,鲈形目,Perciformes,虾虎鱼科,Gobiidae,机塘鳢属
条斑副绯鲤,美济礁,16,Parupeneus barberinus,辐鳍鱼纲,鲈形目,Perciformes,羊鱼科,Mullidae,副绯鲤属
条斑副绯鲤,七连屿,4,Parupeneus barberinus,辐鳍鱼纲,鲈形目,Perciformes,羊鱼科,Mullidae,副绯鲤属
条斑副绯鲤,永暑礁北沙洲,1,Parupeneus barberinus,辐鳍鱼纲,鲈形目,Perciformes,羊鱼科,Mullidae,副绯鲤属
条尾光鳃鱼,美济礁,50,Chromis ternatensis,辐鳍鱼纲,鲈形目,Perciformes,雀鲷科,Pomacentridae,光鳃鱼属
莎姆新东洋鳂,美济礁,20,Neoniphon sammara,辐鳍鱼纲,金眼鲷目,Beryciformes,鳂科,Holocentridae,新东洋鳂属
凸颌锯鳞鱼,美济礁,3,Myripristis berndti,辐鳍鱼纲,金眼鲷目,Beryciformes,鳂科,Holocentridae,锯鳞鱼属
凸颌锯鳞鱼,七连屿,1,Myripristis berndti,辐鳍鱼纲,金眼鲷目,Beryciformes,鳂科,Holocentridae,锯鳞鱼属
凸颌锯鳞鱼,永暑礁北沙洲,1,Myripristis berndti,辐鳍鱼纲,金眼鲷目,Beryciformes,鳂科,Holocentridae,锯鳞鱼属
驼背鲈,美济礁,1,Chromileptes altivelis,辐鳍鱼纲,鲈形目,Perciformes,鮨科,Serranidae,驼背鲈属
驼峰大鹦嘴鱼,美济礁,18,Bolbometopon muricatum,辐鳍鱼纲,鲈形目,Perciformes,鹦嘴鱼科,Scaridae,大鹦嘴鱼属
王子雀鲷,漫步暗沙,6,Pomacentrus vaiuli,辐鳍鱼纲,鲈形目,Perciformes,雀鲷科,Pomacentridae,雀鲷属
王子雀鲷,美济礁,5,Pomacentrus vaiuli,辐鳍鱼纲,鲈形目,Perciformes,雀鲷科,Pomacentridae,雀鲷属
王子雀鲷,七连屿,140,Pomacentrus vaiuli,辐鳍鱼纲,鲈形目,Perciformes,雀鲷科,Pomacentridae,雀鲷属
王子雀鲷,永乐环礁,104,Pomacentrus vaiuli,辐鳍鱼纲,鲈形目,Perciformes,雀鲷科,Pomacentridae,雀鲷属
王子雀鲷,永暑礁北沙洲,41,Pomacentrus vaiuli,辐鳍鱼纲,鲈形目,Perciformes,雀鲷科,Pomacentridae,雀鲷属
网纹普提鱼,永暑礁北沙洲,1,Bodianus dictynna,辐鳍鱼纲,鲈形目,Perciformes,隆头鱼科,Labridae,普提鱼属
网纹鹦嘴鱼,美济礁,18,Scarus frenatus,辐鳍鱼纲,鲈形目,Perciformes,鹦嘴鱼科,Scaridae,鹦嘴鱼属
网纹鹦嘴鱼,七连屿,6,Scarus frenatus,辐鳍鱼纲,鲈形目,Perciformes,鹦嘴鱼科,Scaridae,鹦嘴鱼属
网纹鹦嘴鱼,永乐环礁,4,Scarus frenatus,辐鳍鱼纲,鲈形目,Perciformes,鹦嘴鱼科,Scaridae,鹦嘴鱼属
网纹鹦嘴鱼,永暑礁北沙洲,10,Scarus frenatus,辐鳍鱼纲,鲈形目,Perciformes,鹦嘴鱼科,Scaridae,鹦嘴鱼属
网纹宅泥鱼,漫步暗沙,55,Dascyllus reticulatus,辐鳍鱼纲,鲈形目,Perciformes,雀鲷科,Pomacentridae,宅泥鱼属
网纹宅泥鱼,美济礁,171,Dascyllus reticulatus,辐鳍鱼纲,鲈形目,Perciformes,雀鲷科,Pomacentridae,宅泥鱼属
网纹宅泥鱼,南扉暗沙,30,Dascyllus reticulatus,辐鳍鱼纲,鲈形目,Perciformes,雀鲷科,Pomacentridae,宅泥鱼属
网纹宅泥鱼,七连屿,15,Dascyllus reticulatus,辐鳍鱼纲,鲈形目,Perciformes,雀鲷科,Pomacentridae,宅泥鱼属
网纹宅泥鱼,永暑礁北沙洲,32,Dascyllus reticulatus,辐鳍鱼纲,鲈形目,Perciformes,雀鲷科,Pomacentridae,宅泥鱼属
威氏钝塘鳢,永暑礁北沙洲,1,Amblyeleotris wheeleri,辐鳍鱼纲,鲈形目,Perciformes,虾虎鱼科,Gobiidae,钝塘鳢属
威氏钝塘鳢,美济礁,1,Amblyeleotris wheeleri,辐鳍鱼纲,鲈形目,Perciformes,虾虎鱼科,Gobiidae,钝塘鳢属
韦氏光鳃鱼,漫步暗沙,1,Chromis weberi,辐鳍鱼纲,鲈形目,Perciformes,雀鲷科,Pomacentridae,光鳃鱼属
韦氏光鳃鱼,美济礁,19,Chromis weberi,辐鳍鱼纲,鲈形目,Perciformes,雀鲷科,Pomacentridae,光鳃鱼属
尾斑钝虾虎鱼,美济礁,5,Amblygobius phalaena,辐鳍鱼纲,鲈形目,Perciformes,虾虎鱼科,Gobiidae,钝虾虎鱼属
尾斑钝虾虎鱼,七连屿,2,Amblygobius phalaena,辐鳍鱼纲,鲈形目,Perciformes,虾虎鱼科,Gobiidae,钝虾虎鱼属
尾斑钝虾虎鱼,永暑礁北沙洲,1,Amblygobius phalaena,辐鳍鱼纲,鲈形目,Perciformes,虾虎鱼科,Gobiidae,钝虾虎鱼属
尾斑棘鳞鱼,美济礁,50,Sargocentron caudimaculatum,辐鳍鱼纲,金眼鲷目,Beryciformes,鳂科,Holocentridae,棘鳞鱼属
尾斑棘鳞鱼,南扉暗沙,1,Sargocentron caudimaculatum,辐鳍鱼纲,金眼鲷目,Beryciformes,鳂科,Holocentridae,棘鳞鱼属
尾斑棘鳞鱼,七连屿,8,Sargocentron caudimaculatum,辐鳍鱼纲,金眼鲷目,Beryciformes,鳂科,Holocentridae,棘鳞鱼属
尾斑棘鳞鱼,永乐环礁,35,Sargocentron caudimaculatum,辐鳍鱼纲,金眼鲷目,Beryciformes,鳂科,Holocentridae,棘鳞鱼属
尾斑棘鳞鱼,永暑礁北沙洲,22,Sargocentron caudimaculatum,辐鳍鱼纲,金眼鲷目,Beryciformes,鳂科,Holocentridae,棘鳞鱼属
尾斑椒雀鲷,漫步暗沙,96,Plectroglyphidodon johnstonianus,辐鳍鱼纲,鲈形目,Perciformes,雀鲷科,Pomacentridae,椒雀鲷属
尾斑椒雀鲷,南扉暗沙,152,Plectroglyphidodon johnstonianus,辐鳍鱼纲,鲈形目,Perciformes,雀鲷科,Pomacentridae,椒雀鲷属
尾斑椒雀鲷,七连屿,12,Plectroglyphidodon johnstonianus,辐鳍鱼纲,鲈形目,Perciformes,雀鲷科,Pomacentridae,椒雀鲷属
尾斑椒雀鲷,永暑礁北沙洲,3,Plectroglyphidodon johnstonianus,辐鳍鱼纲,鲈形目,Perciformes,雀鲷科,Pomacentridae,椒雀鲷属
尾斑绿鹦嘴鱼,漫步暗沙,1,Chlorurus spilurus,辐鳍鱼纲,鲈形目,Perciformes,鹦嘴鱼科,Scaridae,绿鹦嘴鱼属
尾斑绿鹦嘴鱼,美济礁,366,Chlorurus spilurus,辐鳍鱼纲,鲈形目,Perciformes,鹦嘴鱼科,Scaridae,绿鹦嘴鱼属
尾斑绿鹦嘴鱼,七连屿,232,Chlorurus spilurus,辐鳍鱼纲,鲈形目,Perciformes,鹦嘴鱼科,Scaridae,绿鹦嘴鱼属
尾斑绿鹦嘴鱼,永乐环礁,514,Chlorurus spilurus,辐鳍鱼纲,鲈形目,Perciformes,鹦嘴鱼科,Scaridae,绿鹦嘴鱼属
尾斑绿鹦嘴鱼,永暑礁北沙洲,248,Chlorurus spilurus,辐鳍鱼纲,鲈形目,Perciformes,鹦嘴鱼科,Scaridae,绿鹦嘴鱼属
尾纹九棘鲈,漫步暗沙,10,Cephalopholis urodelus,辐鳍鱼纲,鲈形目,Perciformes,鮨科,Serranidae,九棘鲈属
尾纹九棘鲈,美济礁,66,Cephalopholis urodelus,辐鳍鱼纲,鲈形目,Perciformes,鮨科,Serranidae,九棘鲈属
尾纹九棘鲈,南扉暗沙,20,Cephalopholis urodelus,辐鳍鱼纲,鲈形目,Perciformes,鮨科,Serranidae,九棘鲈属
尾纹九棘鲈,七连屿,22,Cephalopholis urodelus,辐鳍鱼纲,鲈形目,Perciformes,鮨科,Serranidae,九棘鲈属
尾纹九棘鲈,永乐环礁,13,Cephalopholis urodelus,辐鳍鱼纲,鲈形目,Perciformes,鮨科,Serranidae,九棘鲈属
尾纹九棘鲈,永暑礁北沙洲,91,Cephalopholis urodelus,辐鳍鱼纲,鲈形目,Perciformes,鮨科,Serranidae,九棘鲈属
纹胸新箭齿雀鲷,美济礁,132,Neoglyphidodon thoracotaeniatus,辐鳍鱼纲,鲈形目,Perciformes,雀鲷科,Pomacentridae,新箭齿雀鲷属
纹胸新箭齿雀鲷,永乐环礁,4,Neoglyphidodon thoracotaeniatus,辐鳍鱼纲,鲈形目,Perciformes,雀鲷科,Pomacentridae,新箭齿雀鲷属
乌尾阿南鱼,南扉暗沙,2,Anampses melanurus,辐鳍鱼纲,鲈形目,Perciformes,隆头鱼科,Labridae,阿南鱼属
乌尾阿南鱼,永暑礁北沙洲,4,Anampses melanurus,辐鳍鱼纲,鲈形目,Perciformes,隆头鱼科,Labridae,阿南鱼属
污色绿鹦嘴鱼,美济礁,44,Chlorurus sordidus,辐鳍鱼纲,鲈形目,Perciformes,鹦嘴鱼科,Scaridae,绿鹦嘴鱼属
无斑拟羊鱼,漫步暗沙,1,Mulloidichthys vanicolensis,辐鳍鱼纲,鲈形目,Perciformes,羊鱼科,Mullidae,拟羊鱼属
无斑拟羊鱼,美济礁,2,Mulloidichthys vanicolensis,辐鳍鱼纲,鲈形目,Perciformes,羊鱼科,Mullidae,拟羊鱼属
无斑拟羊鱼,七连屿,1,Mulloidichthys vanicolensis,辐鳍鱼纲,鲈形目,Perciformes,羊鱼科,Mullidae,拟羊鱼属
无斑拟羊鱼,永暑礁北沙洲,352,Mulloidichthys vanicolensis,辐鳍鱼纲,鲈形目,Perciformes,羊鱼科,Mullidae,拟羊鱼属
五带豆娘鱼,美济礁,131,Abudefduf vaigiensis,辐鳍鱼纲,鲈形目,Perciformes,雀鲷科,Pomacentridae,豆娘鱼属
五带豆娘鱼,七连屿,161,Abudefduf vaigiensis,辐鳍鱼纲,鲈形目,Perciformes,雀鲷科,Pomacentridae,豆娘鱼属
五带豆娘鱼,永暑礁北沙洲,494,Abudefduf vaigiensis,辐鳍鱼纲,鲈形目,Perciformes,雀鲷科,Pomacentridae,豆娘鱼属
五带巨牙天竺鲷,美济礁,34,Cheilodipterus quinquelineatus,辐鳍鱼纲,鲈形目,Perciformes,天竺鲷科,Apogonidae,巨牙天竺鲷属
细斑前孔鲀,漫步暗沙,15,Cantherhines pardalis,辐鳍鱼纲,鲀形目,Tetraodontiformes,单角鲀科,Monacanthidae,前孔鲀属
细斑前孔鲀,美济礁,23,Cantherhines pardalis,辐鳍鱼纲,鲀形目,Tetraodontiformes,单角鲀科,Monacanthidae,前孔鲀属
细斑前孔鲀,南扉暗沙,16,Cantherhines pardalis,辐鳍鱼纲,鲀形目,Tetraodontiformes,单角鲀科,Monacanthidae,前孔鲀属
细斑前孔鲀,七连屿,3,Cantherhines pardalis,辐鳍鱼纲,鲀形目,Tetraodontiformes,单角鲀科,Monacanthidae,前孔鲀属
细斑前孔鲀,永乐环礁,7,Cantherhines pardalis,辐鳍鱼纲,鲀形目,Tetraodontiformes,单角鲀科,Monacanthidae,前孔鲀属
细斑前孔鲀,永暑礁北沙洲,24,Cantherhines pardalis,辐鳍鱼纲,鲀形目,Tetraodontiformes,单角鲀科,Monacanthidae,前孔鲀属
细鳞光鳃鱼,永暑礁北沙洲,41,Chromis lepidolepis,辐鳍鱼纲,鲈形目,Perciformes,雀鲷科,Pomacentridae,光鳃鱼属
细尾似虹锦鱼,南扉暗沙,1,Pseudojuloides cerasinus,辐鳍鱼纲,鲈形目,Perciformes,隆头鱼科,Labridae,似虹锦鱼属
细纹凤鳚,美济礁,7,Salarias fasciantus,辐鳍鱼纲,鲈形目,Perciformes,鳚科,Soleidae,凤鳚属
细纹凤鳚,永暑礁北沙洲,6,Salarias fasciantus,辐鳍鱼纲,鲈形目,Perciformes,鳚科,Soleidae,凤鳚属
狭带细鳞盔鱼,美济礁,4,Hologymnosus doliatus,辐鳍鱼纲,鲈形目,Perciformes,隆头鱼科,Labridae,细鳞盔鱼属
狭带细鳞盔鱼,南扉暗沙,1,Hologymnosus doliatus,辐鳍鱼纲,鲈形目,Perciformes,隆头鱼科,Labridae,细鳞盔鱼属
狭带细鳞盔鱼,七连屿,1,Hologymnosus doliatus,辐鳍鱼纲,鲈形目,Perciformes,隆头鱼科,Labridae,细鳞盔鱼属
狭带细鳞盔鱼,永乐环礁,1,Hologymnosus doliatus,辐鳍鱼纲,鲈形目,Perciformes,隆头鱼科,Labridae,细鳞盔鱼属
狭带细鳞盔鱼,永暑礁北沙洲,35,Hologymnosus doliatus,辐鳍鱼纲,鲈形目,Perciformes,隆头鱼科,Labridae,细鳞盔鱼属
显盘雀鲷,美济礁,3,Dischistodus perspicillatus,辐鳍鱼纲,鲈形目,Perciformes,雀鲷科,Pomacentridae,盘雀鲷属
线斑衔虾虎鱼,永暑礁北沙洲,1,Istigobius rigilius,辐鳍鱼纲,鲈形目,Perciformes,虾虎鱼科,Gobiidae,衔虾虎鱼属
线纹光鳃鱼,美济礁,13,Chromis lineata,辐鳍鱼纲,鲈形目,Perciformes,雀鲷科,Pomacentridae,光鳃鱼属
项斑蝴蝶鱼,美济礁,2,Chaetodon adiergastos,辐鳍鱼纲,鲈形目,Perciformes,蝴蝶鱼科,Chaetodontidae,蝴蝶鱼属
项带多棘鳞鲀,美济礁,3,Sufflamen bursa,辐鳍鱼纲,鲀形目,Tetraodontiformes,鳞鲀科,Balistidae,多棘鳞鲀属
项带多棘鳞鲀,南扉暗沙,1,Sufflamen bursa,辐鳍鱼纲,鲀形目,Tetraodontiformes,鳞鲀科,Balistidae,多棘鳞鲀属
项带多棘鳞鲀,永暑礁北沙洲,7,Sufflamen bursa,辐鳍鱼纲,鲀形目,Tetraodontiformes,鳞鲀科,Balistidae,多棘鳞鲀属
项环双锯鱼,美济礁,1,Amphiprion perideraion,辐鳍鱼纲,鲈形目,Perciformes,雀鲷科,Pomacentridae,双锯鱼属
小鼻绿鹦嘴鱼,美济礁,67,Chlorurus microrhicnos,辐鳍鱼纲,鲈形目,Perciformes,鹦嘴鱼科,Scaridae,绿鹦嘴鱼属
小鼻绿鹦嘴鱼,南扉暗沙,3,Chlorurus microrhicnos,辐鳍鱼纲,鲈形目,Perciformes,鹦嘴鱼科,Scaridae,绿鹦嘴鱼属
小鼻绿鹦嘴鱼,永乐环礁,8,Chlorurus microrhicnos,辐鳍鱼纲,鲈形目,Perciformes,鹦嘴鱼科,Scaridae,绿鹦嘴鱼属
小鼻绿鹦嘴鱼,永暑礁北沙洲,6,Chlorurus microrhicnos,辐鳍鱼纲,鲈形目,Perciformes,鹦嘴鱼科,Scaridae,绿鹦嘴鱼属
小鼻鱼,漫步暗沙,2,Naso minor,辐鳍鱼纲,鲈形目,Perciformes,刺尾鱼科,Acanthuridae,鼻鱼属
小鼻鱼,南扉暗沙,2,Naso minor,辐鳍鱼纲,鲈形目,Perciformes,刺尾鱼科,Acanthuridae,鼻鱼属
小鼻鱼,七连屿,2,Naso minor,辐鳍鱼纲,鲈形目,Perciformes,刺尾鱼科,Acanthuridae,鼻鱼属
小鼻鱼,永暑礁北沙洲,3,Naso minor,辐鳍鱼纲,鲈形目,Perciformes,刺尾鱼科,Acanthuridae,鼻鱼属
小高鳍刺尾鱼,美济礁,45,Zebrasoma scopas,辐鳍鱼纲,鲈形目,Perciformes,刺尾鱼科,Acanthuridae,高鳍刺尾鱼属
小高鳍刺尾鱼,七连屿,12,Zebrasoma scopas,辐鳍鱼纲,鲈形目,Perciformes,刺尾鱼科,Acanthuridae,高鳍刺尾鱼属
小高鳍刺尾鱼,永乐环礁,28,Zebrasoma scopas,辐鳍鱼纲,鲈形目,Perciformes,刺尾鱼科,Acanthuridae,高鳍刺尾鱼属
小高鳍刺尾鱼,永暑礁北沙洲,7,Zebrasoma scopas,辐鳍鱼纲,鲈形目,Perciformes,刺尾鱼科,Acanthuridae,高鳍刺尾鱼属
新加坡鹦嘴鱼,美济礁,2,Scarus prasiognathos,辐鳍鱼纲,鲈形目,Perciformes,鹦嘴鱼科,Scaridae,鹦嘴鱼属
新月蝴蝶鱼,美济礁,11,Chaetodon lunula,辐鳍鱼纲,鲈形目,Perciformes,蝴蝶鱼科,Chaetodontidae,蝴蝶鱼属
新月锦鱼,美济礁,18,Thalassoma lunare,辐鳍鱼纲,鲈形目,Perciformes,隆头鱼科,Labridae,锦鱼属
新月锦鱼,七连屿,28,Thalassoma lunare,辐鳍鱼纲,鲈形目,Perciformes,隆头鱼科,Labridae,锦鱼属
新月锦鱼,永乐环礁,4,Thalassoma lunare,辐鳍鱼纲,鲈形目,Perciformes,隆头鱼科,Labridae,锦鱼属
新月锦鱼,永暑礁北沙洲,7,Thalassoma lunare,辐鳍鱼纲,鲈形目,Perciformes,隆头鱼科,Labridae,锦鱼属
新月梅鲷,美济礁,35,Caesio lunaris,辐鳍鱼纲,鲈形目,Perciformes,梅鲷科,Caesionidae,梅鲷属
星阿南鱼,漫步暗沙,6,Anampses twistii,辐鳍鱼纲,鲈形目,Perciformes,隆头鱼科,Labridae,阿南鱼属
星阿南鱼,南扉暗沙,82,Anampses twistii,辐鳍鱼纲,鲈形目,Perciformes,隆头鱼科,Labridae,阿南鱼属
星阿南鱼,七连屿,10,Anampses twistii,辐鳍鱼纲,鲈形目,Perciformes,隆头鱼科,Labridae,阿南鱼属
星阿南鱼,永乐环礁,1,Anampses twistii,辐鳍鱼纲,鲈形目,Perciformes,隆头鱼科,Labridae,阿南鱼属
星阿南鱼,永暑礁北沙洲,3,Anampses twistii,辐鳍鱼纲,鲈形目,Perciformes,隆头鱼科,Labridae,阿南鱼属
星云海猪鱼,美济礁,2,Halichoeres nebulosus,辐鳍鱼纲,鲈形目,Perciformes,隆头鱼科,Labridae,海猪鱼属
胸斑眶锯雀鲷,美济礁,1,Stegastes fasciolatus,辐鳍鱼纲,鲈形目,Perciformes,雀鲷科,Pomacentridae,眶锯雀鲷属
胸斑眶锯雀鲷,永暑礁北沙洲,1,Stegastes fasciolatus,辐鳍鱼纲,鲈形目,Perciformes,雀鲷科,Pomacentridae,眶锯雀鲷属
胸斑裂唇鱼,美济礁,25,Labroides pectoralis,辐鳍鱼纲,鲈形目,Perciformes,隆头鱼科,Labridae,裂唇鱼属
胸斑雀鲷,美济礁,198,Pomacentrus alexanderae,辐鳍鱼纲,鲈形目,Perciformes,雀鲷科,Pomacentridae,雀鲷属
胸斑雀鲷,永暑礁北沙洲,4,Pomacentrus alexanderae,辐鳍鱼纲,鲈形目,Perciformes,雀鲷科,Pomacentridae,雀鲷属
许氏鹦嘴鱼,永乐环礁,2,Scarus schlegeli,辐鳍鱼纲,鲈形目,Perciformes,鹦嘴鱼科,Scaridae,鹦嘴鱼属
眼斑椒雀鲷,美济礁,61,Plectroglyphidodon lacrymatus,辐鳍鱼纲,鲈形目,Perciformes,雀鲷科,Pomacentridae,椒雀鲷属
眼斑椒雀鲷,七连屿,3,Plectroglyphidodon lacrymatus,辐鳍鱼纲,鲈形目,Perciformes,雀鲷科,Pomacentridae,椒雀鲷属
眼斑椒雀鲷,永乐环礁,11,Plectroglyphidodon lacrymatus,辐鳍鱼纲,鲈形目,Perciformes,雀鲷科,Pomacentridae,椒雀鲷属
眼斑椒雀鲷,永暑礁北沙洲,69,Plectroglyphidodon lacrymatus,辐鳍鱼纲,鲈形目,Perciformes,雀鲷科,Pomacentridae,椒雀鲷属
眼斑鲸鹦嘴鱼,美济礁,1,Cetoscarus ocellatus,辐鳍鱼纲,鲈形目,Perciformes,鹦嘴鱼科,Scaridae,鲸鹦嘴鱼属
眼斑双锯鱼,美济礁,11,Amphiprion ocellaris,辐鳍鱼纲,鲈形目,Perciformes,雀鲷科,Pomacentridae,双锯鱼属
眼带篮子鱼,七连屿,4,Siganus puellus,辐鳍鱼纲,鲈形目,Perciformes,篮子鱼科,Siganidae,篮子鱼属
眼带篮子鱼,永乐环礁,1,Siganus puellus,辐鳍鱼纲,鲈形目,Perciformes,篮子鱼科,Siganidae,篮子鱼属
艳丽丝隆头鱼,美济礁,1,Cirrhilabrus exquisitus,辐鳍鱼纲,鲈形目,Perciformes,隆头鱼科,Labridae,丝隆头鱼属
艳丽丝隆头鱼,漫步暗沙,1,Cirrhilabrus exquisitus,辐鳍鱼纲,鲈形目,Perciformes,隆头鱼科,Labridae,丝隆头鱼属
艳丽丝隆头鱼,南扉暗沙,2,Cirrhilabrus exquisitus,辐鳍鱼纲,鲈形目,Perciformes,隆头鱼科,Labridae,丝隆头鱼属
艳丽丝隆头鱼,七连屿,60,Cirrhilabrus exquisitus,辐鳍鱼纲,鲈形目,Perciformes,隆头鱼科,Labridae,丝隆头鱼属
艳丽丝隆头鱼,永乐环礁,12,Cirrhilabrus exquisitus,辐鳍鱼纲,鲈形目,Perciformes,隆头鱼科,Labridae,丝隆头鱼属
艳丽丝隆头鱼,永暑礁北沙洲,15,Cirrhilabrus exquisitus,辐鳍鱼纲,鲈形目,Perciformes,隆头鱼科,Labridae,丝隆头鱼属
腋斑光鳃鱼,美济礁,376,Chromis atripes,辐鳍鱼纲,鲈形目,Perciformes,雀鲷科,Pomacentridae,光鳃鱼属
腋斑光鳃鱼,七连屿,3,Chromis atripes,辐鳍鱼纲,鲈形目,Perciformes,雀鲷科,Pomacentridae,光鳃鱼属
腋斑光鳃鱼,永暑礁北沙洲,8,Chromis atripes,辐鳍鱼纲,鲈形目,Perciformes,雀鲷科,Pomacentridae,光鳃鱼属
腋斑普提鱼,美济礁,21,Bodianus axillaris,辐鳍鱼纲,鲈形目,Perciformes,隆头鱼科,Labridae,普提鱼属
腋斑普提鱼,南扉暗沙,1,Bodianus axillaris,辐鳍鱼纲,鲈形目,Perciformes,隆头鱼科,Labridae,普提鱼属
腋斑普提鱼,七连屿,21,Bodianus axillaris,辐鳍鱼纲,鲈形目,Perciformes,隆头鱼科,Labridae,普提鱼属
腋斑普提鱼,永乐环礁,2,Bodianus axillaris,辐鳍鱼纲,鲈形目,Perciformes,隆头鱼科,Labridae,普提鱼属
腋斑普提鱼,永暑礁北沙洲,14,Bodianus axillaris,辐鳍鱼纲,鲈形目,Perciformes,隆头鱼科,Labridae,普提鱼属
腋斑雀鲷,永暑礁北沙洲,2,Pomacentrus brachialis,辐鳍鱼纲,鲈形目,Perciformes,雀鲷科,Pomacentridae,雀鲷属
伊豆䱵鮨,美济礁,2,Serranocirrhitus latus,辐鳍鱼纲,鲈形目,Perciformes,鮨科,Serranidae,䱵鮨属
异牙单列齿鲷,美济礁,15,Monotaxis heterodon,辐鳍鱼纲,鲈形目,Perciformes,裸颊鲷科,Lethrinidae,单列齿鲷属
异牙单列齿鲷,七连屿,5,Monotaxis heterodon,辐鳍鱼纲,鲈形目,Perciformes,裸颊鲷科,Lethrinidae,单列齿鲷属
异牙单列齿鲷,永乐环礁,2,Monotaxis heterodon,辐鳍鱼纲,鲈形目,Perciformes,裸颊鲷科,Lethrinidae,单列齿鲷属
异牙单列齿鲷,永暑礁北沙洲,1,Monotaxis heterodon,辐鳍鱼纲,鲈形目,Perciformes,裸颊鲷科,Lethrinidae,单列齿鲷属
翼䱵,七连屿,3,Cirrhitus pinnulatus,辐鳍鱼纲,鲈形目,Perciformes,䱵科,Cirrhitidae,䱵属
银带棘鳞鱼,美济礁,1,Sargocentron ittodai,辐鳍鱼纲,金眼鲷目,Beryciformes,鳂科,Holocentridae,棘鳞鱼属
银色新东洋鳂,美济礁,1,Neoniphon argenteus,辐鳍鱼纲,金眼鲷目,Beryciformes,鳂科,Holocentridae,新东洋鳂属
银色新东洋鳂,七连屿,1,Neoniphon argenteus,辐鳍鱼纲,金眼鲷目,Beryciformes,鳂科,Holocentridae,新东洋鳂属
圆口副绯鲤,美济礁,4,Parupeneus cyclostomus,辐鳍鱼纲,鲈形目,Perciformes,羊鱼科,Mullidae,副绯鲤属
圆口副绯鲤,七连屿,1,Parupeneus cyclostomus,辐鳍鱼纲,鲈形目,Perciformes,羊鱼科,Mullidae,副绯鲤属
圆口副绯鲤,永暑礁北沙洲,1,Parupeneus cyclostomus,辐鳍鱼纲,鲈形目,Perciformes,羊鱼科,Mullidae,副绯鲤属
圆拟鲈,美济礁,6,Parapercis cylindrica,辐鳍鱼纲,鲈形目,Perciformes,拟鲈科,Pinguipedidae,拟鲈属
圆拟鲈,永暑礁北沙洲,2,Parapercis cylindrica,辐鳍鱼纲,鲈形目,Perciformes,拟鲈科,Pinguipedidae,拟鲈属
缘鳍海猪鱼,永暑礁北沙洲,1,Halichoeres marginatus,辐鳍鱼纲,鲈形目,Perciformes,隆头鱼科,Labridae,海猪鱼属
云雀短带鳚,永暑礁北沙洲,1,Plagiotremus laudandus,辐鳍鱼纲,鲈形目,Perciformes,鳚科,Soleidae,短带鳚属
杂色尖嘴鱼,漫步暗沙,15,Gomphosus varius,辐鳍鱼纲,鲈形目,Perciformes,隆头鱼科,Labridae,尖嘴鱼属
杂色尖嘴鱼,美济礁,119,Gomphosus varius,辐鳍鱼纲,鲈形目,Perciformes,隆头鱼科,Labridae,尖嘴鱼属
杂色尖嘴鱼,南扉暗沙,4,Gomphosus varius,辐鳍鱼纲,鲈形目,Perciformes,隆头鱼科,Labridae,尖嘴鱼属
杂色尖嘴鱼,七连屿,59,Gomphosus varius,辐鳍鱼纲,鲈形目,Perciformes,隆头鱼科,Labridae,尖嘴鱼属
杂色尖嘴鱼,永乐环礁,13,Gomphosus varius,辐鳍鱼纲,鲈形目,Perciformes,隆头鱼科,Labridae,尖嘴鱼属
杂色尖嘴鱼,永暑礁北沙洲,48,Gomphosus varius,辐鳍鱼纲,鲈形目,Perciformes,隆头鱼科,Labridae,尖嘴鱼属
杂色鹦嘴鱼,美济礁,4,Scarus festivus,辐鳍鱼纲,鲈形目,Perciformes,鹦嘴鱼科,Scaridae,鹦嘴鱼属
杂色鹦嘴鱼,永暑礁北沙洲,2,Scarus festivus,辐鳍鱼纲,鲈形目,Perciformes,鹦嘴鱼科,Scaridae,鹦嘴鱼属
宅泥鱼,漫步暗沙,1,Dascyllus aruanus,辐鳍鱼纲,鲈形目,Perciformes,雀鲷科,Pomacentridae,宅泥鱼属
宅泥鱼,美济礁,66,Dascyllus aruanus,辐鳍鱼纲,鲈形目,Perciformes,雀鲷科,Pomacentridae,宅泥鱼属
宅泥鱼,七连屿,3,Dascyllus aruanus,辐鳍鱼纲,鲈形目,Perciformes,雀鲷科,Pomacentridae,宅泥鱼属
宅泥鱼,永暑礁北沙洲,7,Dascyllus aruanus,辐鳍鱼纲,鲈形目,Perciformes,雀鲷科,Pomacentridae,宅泥鱼属
窄体短带鳚,美济礁,1,Plagiotremus tapeinosoma,辐鳍鱼纲,鲈形目,Perciformes,鳚科,Soleidae,短带鳚属
长崎雀鲷,永暑礁北沙洲,159,Pomacentrus nagasakiensis,辐鳍鱼纲,鲈形目,Perciformes,雀鲷科,Pomacentridae,雀鲷属
长鳍鮀,永暑礁北沙洲,56,Kyphosus cinerascens,辐鳍鱼纲,鲈形目,Perciformes,鮀科,Amaranthaceae,鮀属
长雀鲷,美济礁,1,Lepidozygus tapeinosoma,辐鳍鱼纲,鲈形目,Perciformes,雀鲷科,Pomacentridae,雀鲷属
长头马鹦嘴鱼,美济礁,5,Hipposcarus longiceps,辐鳍鱼纲,鲈形目,Perciformes,鹦嘴鱼科,Scaridae,马鹦嘴鱼属
长头马鹦嘴鱼,永暑礁北沙洲,1,Hipposcarus longiceps,辐鳍鱼纲,鲈形目,Perciformes,鹦嘴鱼科,Scaridae,马鹦嘴鱼属
长吻镊口鱼,漫步暗沙,1,Forcipiger longirostris,辐鳍鱼纲,鲈形目,Perciformes,蝴蝶鱼科,Chaetodontidae,镊口鱼属
长吻镊口鱼,美济礁,92,Forcipiger longirostris,辐鳍鱼纲,鲈形目,Perciformes,蝴蝶鱼科,Chaetodontidae,镊口鱼属
长吻镊口鱼,南扉暗沙,5,Forcipiger longirostris,辐鳍鱼纲,鲈形目,Perciformes,蝴蝶鱼科,Chaetodontidae,镊口鱼属
长吻镊口鱼,七连屿,14,Forcipiger longirostris,辐鳍鱼纲,鲈形目,Perciformes,蝴蝶鱼科,Chaetodontidae,镊口鱼属
长吻镊口鱼,永乐环礁,4,Forcipiger longirostris,辐鳍鱼纲,鲈形目,Perciformes,蝴蝶鱼科,Chaetodontidae,镊口鱼属
长吻镊口鱼,永暑礁北沙洲,23,Forcipiger longirostris,辐鳍鱼纲,鲈形目,Perciformes,蝴蝶鱼科,Chaetodontidae,镊口鱼属
爪哇裸胸鳝,美济礁,2,Gymnothorax javanicus,辐鳍鱼纲,鲈形目,Perciformes,裸颊鲷科,Lethrinidae,裸胸鳝属
栉齿刺尾鱼,漫步暗沙,330,Ctenochaetus striatus,辐鳍鱼纲,鲈形目,Perciformes,刺尾鱼科,Acanthuridae,栉齿刺尾鱼属
栉齿刺尾鱼,美济礁,4660,Ctenochaetus striatus,辐鳍鱼纲,鲈形目,Perciformes,刺尾鱼科,Acanthuridae,栉齿刺尾鱼属
栉齿刺尾鱼,南扉暗沙,239,Ctenochaetus striatus,辐鳍鱼纲,鲈形目,Perciformes,刺尾鱼科,Acanthuridae,栉齿刺尾鱼属
栉齿刺尾鱼,七连屿,1798,Ctenochaetus striatus,辐鳍鱼纲,鲈形目,Perciformes,刺尾鱼科,Acanthuridae,栉齿刺尾鱼属
栉齿刺尾鱼,永乐环礁,877,Ctenochaetus striatus,辐鳍鱼纲,鲈形目,Perciformes,刺尾鱼科,Acanthuridae,栉齿刺尾鱼属
栉齿刺尾鱼,永暑礁北沙洲,3231,Ctenochaetus striatus,辐鳍鱼纲,鲈形目,Perciformes,刺尾鱼科,Acanthuridae,栉齿刺尾鱼属
珠斑大咽齿鱼,永暑礁北沙洲,3,Macropharyngodon meleagris,辐鳍鱼纲,鲈形目,Perciformes,隆头鱼科,Labridae,大咽齿鱼属
福氏刺尻鱼,漫步暗沙,3,Centropyge vrolikii,辐鳍鱼纲,鲈形目,Perciformes,刺盖鱼科,Pomacanthidae,刺尻鱼属
福氏刺尻鱼,美济礁,13,Centropyge vrolikii,辐鳍鱼纲,鲈形目,Perciformes,刺盖鱼科,Pomacanthidae,刺尻鱼属
福氏刺尻鱼,永暑礁北沙洲,1,Centropyge vrolikii,辐鳍鱼纲,鲈形目,Perciformes,刺盖鱼科,Pomacanthidae,刺尻鱼属
珠蝴蝶鱼,漫步暗沙,20,Chaetodon kleirnii,辐鳍鱼纲,鲈形目,Perciformes,蝴蝶鱼科,Chaetodontidae,蝴蝶鱼属
珠蝴蝶鱼,美济礁,26,Chaetodon kleirnii,辐鳍鱼纲,鲈形目,Perciformes,蝴蝶鱼科,Chaetodontidae,蝴蝶鱼属
珠蝴蝶鱼,南扉暗沙,3,Chaetodon kleirnii,辐鳍鱼纲,鲈形目,Perciformes,蝴蝶鱼科,Chaetodontidae,蝴蝶鱼属
珠蝴蝶鱼,七连屿,5,Chaetodon kleirnii,辐鳍鱼纲,鲈形目,Perciformes,蝴蝶鱼科,Chaetodontidae,蝴蝶鱼属
珠蝴蝶鱼,永乐环礁,6,Chaetodon kleirnii,辐鳍鱼纲,鲈形目,Perciformes,蝴蝶鱼科,Chaetodontidae,蝴蝶鱼属
珠蝴蝶鱼,永暑礁北沙洲,14,Chaetodon kleirnii,辐鳍鱼纲,鲈形目,Perciformes,蝴蝶鱼科,Chaetodontidae,蝴蝶鱼属
主刺盖鱼,美济礁,7,Pomacanthus imperator,辐鳍鱼纲,鲈形目,Perciformes,刺盖鱼科,Pomacanthidae,刺盖鱼属
壮体锯鳞鱼,美济礁,4,Myripristis robusta,辐鳍鱼纲,金眼鲷目,Beryciformes,鳂科,Holocentridae,锯鳞鱼属
紫红锯鳞鱼,美济礁,16,Myripristis violacea,辐鳍鱼纲,金眼鲷目,Beryciformes,鳂科,Holocentridae,锯鳞鱼属
紫红拟花鮨,美济礁,604,Pseudanthias pascalus,辐鳍鱼纲,鲈形目,Perciformes,鮨科,Serranidae,拟花鮨属
紫红拟花鮨,南扉暗沙,38,Pseudanthias pascalus,辐鳍鱼纲,鲈形目,Perciformes,鮨科,Serranidae,拟花鮨属
紫红拟花鮨,永暑礁北沙洲,334,Pseudanthias pascalus,辐鳍鱼纲,鲈形目,Perciformes,鮨科,Serranidae,拟花鮨属
棕吻鹦嘴鱼,美济礁,17,Scarus psittacus,辐鳍鱼纲,鲈形目,Perciformes,鹦嘴鱼科,Scaridae,鹦嘴鱼属
棕吻鹦嘴鱼,南扉暗沙,1,Scarus psittacus,辐鳍鱼纲,鲈形目,Perciformes,鹦嘴鱼科,Scaridae,鹦嘴鱼属
棕吻鹦嘴鱼,七连屿,8,Scarus psittacus,辐鳍鱼纲,鲈形目,Perciformes,鹦嘴鱼科,Scaridae,鹦嘴鱼属
棕吻鹦嘴鱼,永乐环礁,2,Scarus psittacus,辐鳍鱼纲,鲈形目,Perciformes,鹦嘴鱼科,Scaridae,鹦嘴鱼属
棕吻鹦嘴鱼,永暑礁北沙洲,12,Scarus psittacus,辐鳍鱼纲,鲈形目,Perciformes,鹦嘴鱼科,Scaridae,鹦嘴鱼属
纵带刺尾鱼,永暑礁北沙洲,4,Acanthurus lineatus,辐鳍鱼纲,鲈形目,Perciformes,刺尾鱼科,Acanthuridae,刺尾鱼属
纵带弯线鳚,美济礁,2,Helcogramma striata,辐鳍鱼纲,鲈形目,Perciformes,三鳍鳚科,Tripterygiidae,弯线鳚属
纵带鹦天竺鲷,美济礁,2,Ostorhinchus angustatus,辐鳍鱼纲,鲈形目,Perciformes,天竺鲷科,Apogonidae,鹦天竺鲷属
纵带鹦天竺鲷,永暑礁北沙洲,12,Ostorhinchus angustatus,辐鳍鱼纲,鲈形目,Perciformes,天竺鲷科,Apogonidae,鹦天竺鲷属
纵纹锦鱼,漫步暗沙,98,Thalassoma quinquevittatus,辐鳍鱼纲,鲈形目,Perciformes,隆头鱼科,Labridae,锦鱼属
纵纹锦鱼,美济礁,664,Thalassoma quinquevittatus,辐鳍鱼纲,鲈形目,Perciformes,隆头鱼科,Labridae,锦鱼属
纵纹锦鱼,南扉暗沙,39,Thalassoma quinquevittatus,辐鳍鱼纲,鲈形目,Perciformes,隆头鱼科,Labridae,锦鱼属
纵纹锦鱼,七连屿,179,Thalassoma quinquevittatus,辐鳍鱼纲,鲈形目,Perciformes,隆头鱼科,Labridae,锦鱼属
纵纹锦鱼,永乐环礁,4,Thalassoma quinquevittatus,辐鳍鱼纲,鲈形目,Perciformes,隆头鱼科,Labridae,锦鱼属
纵纹锦鱼,永暑礁北沙洲,884,Thalassoma quinquevittatus,辐鳍鱼纲,鲈形目,Perciformes,隆头鱼科,Labridae,锦鱼属
